/*
 Navicat Premium Data Transfer

 Source Server         : myconnection
 Source Server Type    : MySQL
 Source Server Version : 100414
 Source Host           : localhost:3306
 Source Schema         : news

 Target Server Type    : MySQL
 Target Server Version : 100414
 File Encoding         : 65001

 Date: 21/02/2021 10:10:58
*/

SET NAMES utf8mb4;
SET FOREIGN_KEY_CHECKS = 0;

-- ----------------------------
-- Table structure for author
-- ----------------------------
DROP TABLE IF EXISTS `author`;
CREATE TABLE `author`  (
  `at_id` int(10) NOT NULL,
  `at_name` varchar(255) CHARACTER SET utf8 COLLATE utf8_bin DEFAULT NULL,
  `at_avator` text CHARACTER SET utf8 COLLATE utf8_bin,
  `at_description` text CHARACTER SET utf8 COLLATE utf8_bin,
  PRIMARY KEY (`at_id`) USING BTREE
) ENGINE = InnoDB CHARACTER SET = utf8 COLLATE = utf8_bin ROW_FORMAT = Dynamic;

-- ----------------------------
-- Records of author
-- ----------------------------
INSERT INTO `author` VALUES (88, '虎扑体育', 'https://bkimg.cdn.bcebos.com/pic/adaf2edda3cc7cd98d1095b4f549363fb80e7bec3b0f?x-bce-process=image/resize,m_lfit,w_268,limit_1/format,f_jpg', '虎扑成立于2004年，是以篮球论坛起家，专业体育营销为根基的社区平台，创始人为程杭。截至2020年5月，虎扑用户数已超过1亿，活跃用户数达8000万，其中90%以上为男性用户。');
INSERT INTO `author` VALUES (100, '广州日报', 'https://images.weserv.nl/?url=http://www.gzdaily.cn/amucsite/web/static/logo-red.png', '广州日报报业集团成立于1996年1月15日，是全国首家报业集团，也是全国版面规模最大、经济规模最大、经济效益最好的报业集团。广州日报报业集团一直致力于探索传媒发展的最优模式，以锐意创新的姿态勇往直前。\n2007年11月，由集团控股的广东九州阳光传媒股份有限公司（股票简称“粤传媒”，股票代码002181）在深圳证券交易所正式挂牌上市，成为第一家经过国家新闻出版总署批准的在境内主板上市的传媒公司。\n21世纪初，集团旗下共拥有1张主报、15张系列报、5份杂志和2个网站，即有主报《广州日报》，还有《足球》《广州英文早报》《岭南少年报》《老人报》《信息时报》《舞台与银幕》《篮球先锋报》《美食导报》《广州文摘报》《赢周刊》《第一财经日报》《羊城地铁报》《时尚荟》《番禺日报》和《增城日报》，杂志有《新现代画报》、《南风窗》《看世界》《大东方》和《共鸣》，网站有大洋网和VRHR求职广场网。另外，集团还拥有广州传媒控股有限公司、广州市报刊发行公司和广州大洋实业有限公司等一系列经济实体。');
INSERT INTO `author` VALUES (101, '网易体育', 'https://ss1.bdstatic.com/70cFvXSh_Q1YnxGkpoWK1HF6hhy/it/u=1143462252,84260389&fm=26&gp=0.jpg', '网易新闻  提供极具网易特色的新闻阅读、跟贴盖楼、图片浏览、话题投票、要闻推送、离线阅读、流量提醒等功能，实现比电脑上看新闻更方便的优异体验，充分满足超过1亿网易网友的手机新闻、娱乐、体育、财经、科技等多种资讯内容需求。为所有网易用户，提升手机看新闻的阅读体验。手机轻松一点，网易精彩内容马上呈现，比在电脑上看新闻更方便。');
INSERT INTO `author` VALUES (102, '新浪体育', 'https://timgsa.baidu.com/timg?image&quality=80&size=b9999_10000&sec=1604986207992&di=1748cbc430c862476595ab83e23b14e4&imgtype=0&src=http%3A%2F%2Fpic7.nipic.com%2F20100423%2F3143676_143359382042_2.jpg', '新浪体育，因为热爱。\n专注体育19年，全球华人都在用的体育门户——新浪体育官方APP；\nApp Store精品推荐长达26周——欧洲杯球迷必备APP；\n新浪体育提供覆盖全球热门赛事的中文体育资讯服务，精彩的原创栏目，热门的体育大事件，犀利的专业评论，更拥有专业的记者团队，全方位的展现国内外体坛风云。\n新浪体育，打造24小时移动体育生活——随时随地看炫酷的比赛；读深度的原创体育资讯；追炫酷的体育潮流。\n【产品特色】\n比赛直播：NBA、欧冠、亚冠、英超、意甲、中超等全球顶尖赛事尽在掌握；\n新闻报道：专业的记者和评论员给您呈现精彩的原创内容，犀利的点评视角；\n互动社区：老球迷，新社区，有阵营，有福利，一起嗨起来；\n个性订阅：订阅你喜欢的频道，关注的赛事\n选择主队：选择了你的主队，找到你的阵营，表明了你的态度；\n提醒设置：除了夜间免打扰模式，还提供个性的比赛提醒；\n海量数据：不止球队排行榜，还提供10余项单项的榜单以及球员的详细数据；\n热门专栏：精彩专栏，来自各路知名媒体、体育明星的专业评论；');
INSERT INTO `author` VALUES (103, '教主 篮球教学论坛', 'https://inews.gtimg.com/newsapp_ls/0/255562163_200200/0', NULL);
INSERT INTO `author` VALUES (104, '天津日报', 'https://tvax4.sinaimg.cn/crop.0.0.500.500.180/d360bf23ly8gdi7a7rchpj20dw0dwmxn.jpg?KID=imgbed,tva&Expires=1604986952&ssig=3tvzVszcG5', '《天津日报》创刊于1949年1月17日，毛泽东主席曾两次为天津日报题写报头。历经半个世纪，《天津日报》在中国报业史上曾留下许多辉煌的业绩，率先由四版扩为八版，率先实行自办发行，第一家恢复工商广告等。\n天津日报坚些持正确导向，探索大报风格，成为全国省级党委机关报改革的先锋，多次受到中宣部、新闻出版总署和天津市委的肯定，也深受广大读者欢迎。经过多年的发展，特别是近两三年来，津报集团在传媒实力、经济实力等方面形成了一定规模。');
INSERT INTO `author` VALUES (105, '新快报', 'https://epaper.xkb.com.cn/includes/images/head/logo.gif', '《新快报》如今与南方都市报，信息时报共称广东三大都市报之一，连续多年荣获全国都市报20强称号。\n《新快报》以珠三角地区为主销市场，核心读者是白领和中产阶层。\n国内第一份实现全彩印刷的大型综合性日报。\n《新快报》2002年、2003年连续两年成为全国平面媒体广告增长最快的平面媒。\n2004年、2005年，《新快报》蝉联“世界日报发行量前100强”。\n2006年，荣获“2006年度十大创新都市报”奖项，及“中国都市传媒影响力状元媒”科技类大奖全国第二名。\n2014年6月17日，彭刚参赞会见澳洲《新快报》社长陈少波等，双方就进一步加强经贸信息共享、商务活动策划及宣传合作等进行了深入交流。彭表示，《新快报》作为中国大陆企业独资创办的媒体，在版面和栏目设计、信息采编及营销策划等方面具有自身独到的特点和优势，在澳大利亚华人华商界有着较大的影响力。\n2017年5月18日下午，羊城晚报报业集团管委会委员、新快报社长、总编辑许志权一行到我区城郊街西和风情小镇、鳌头镇西塘童话小镇参观特色小镇建设。');
INSERT INTO `author` VALUES (106, '广州未赢够 公众号', 'https://timgsa.baidu.com/timg?image&quality=80&size=b9999_10000&sec=1604986585117&di=17f4ca4890a82034e9f8faced6805b22&imgtype=0&src=http%3A%2F%2Fimgsrc.baidu.com%2Fforum%2Fw%3D580%2Fsign%3D0bc570ebfbfaaf5184e381b7bc5694ed%2Fab518c8fa0ec08fa94e3cb6a5fee3d6d57fbdaeb.jpg', NULL);
INSERT INTO `author` VALUES (107, '中超联赛APP', 'https://ss0.bdstatic.com/70cFuHSh_Q1YnxGkpoWK1HF6hhy/it/u=2924325499,2124427003&fm=26&gp=0.jpg', NULL);
INSERT INTO `author` VALUES (108, '北京青年报', 'http://res1.ynet.com/20/YnetHome2018.png', '《北京青年报》源自于1949年3月21日创刊的《北平解放报·北京青年》。当年春，新成立的青年团北平市工作委员会，在创办单独报纸条件还不具备的情况下，决定在由《人民日报》（北平版）改版的《北平解放报》第五版以专版形式创办《北平青年》，每逢星期一出版。1949年8月，《北平解放报》终刊，《北平青年》改为《北京青年》，以四开四版周报形式单独出版。1950年1月，《北京青年》改为32开杂志。1950年7月10日《北京青年》在出版第50期后，因为抽调干部筹建《中国青年报》而停刊。\n1954年，在党的过渡时期总路线指导下，社会主义革命和建设高潮兴起，青年团的活动也日趋活跃。北京团市委感到需要有一张自己的报纸，用来反映北京市青年的工作与学习，并指导团的活动开展，因此决定恢复出版《北京青年报》。1955年7月1日，《北京青年报》以4开4版周报的形式复刊。1957年9月27日，因为抽调人力物力创办《北京晚报》，《北京青年报》第二次停刊。\n1958年3月10日,随着“大跃进”高潮的掀起，原《北京青年报》改名为《共青团跃进报》正式出版。同年7月1日，又恢复《北京青年报》名称继续出版，并由原来的周二刊变成周三刊。1960年7月29日，因国家经济困难引发严重纸荒，迫使报纸第三次停刊。\n党的十一届三中全会后，国家进入恢复与发展时期。改革开放政策的实施，为各项事业的蓬勃发展奠定了坚实的基础。1980年9月16日，中共北京市委常委会作出决定，批准《北京青年报》复刊。1981年7月3日，《北京青年报》第三次复刊，从第511期起正式公开出版发行。');
INSERT INTO `author` VALUES (109, '中国新闻网', 'https://i8.chinanews.com/2013/home/images/logo.jpg', '中新网秉承中新社“国际视角+亲和力”的报道风格，新闻资讯内容准确、丰富、时效强、文风轻松活泼，受到广大网友，特别是公务员、新闻界、文化界和商界专业人士的欢迎。\n自创办以来，中新网内容不断丰富，影响日益扩大。中新网已发展成为知名的中文新闻门户网站，也是全球互联网中文新闻资讯最重要的原创内容供应商。中新网面向广大网民和网络媒体，快速、准确地提供文字、图片、视频等多样化的资讯服务。特别在新闻报道方面，中新网动态新闻及时准确，解释性报道角度独特，稿件被国内外网络媒体大量转载。');
INSERT INTO `author` VALUES (110, '新华社', 'https://timgsa.baidu.com/timg?image&quality=80&size=b9999_10000&sec=1604993080004&di=7d02b2297510597b817080e06f8c8c19&imgtype=0&src=http%3A%2F%2Fimgsrc.baidu.com%2Fbaike%2Fpic%2Fitem%2Fd041a4a1089e99a54710649b.jpg', '新华社是中国共产党早期创建的重要宣传舆论机构，从诞生起就在党中央的直接领导下开展工作，肩负党和人民赋予的神圣使命，发挥喉舌、耳目、智库和信息总汇作用，为党团结带领全国各族人民取得革命、建设和改革的重大胜利作出了重要贡献。');
INSERT INTO `author` VALUES (111, '腾讯体育', 'https://timgsa.baidu.com/timg?image&quality=80&size=b9999_10000&sec=1604993119275&di=3877e866bbf44fc79148d7f3b69c5ab4&imgtype=0&src=http%3A%2F%2Fpic.uzzf.com%2Fup%2F2018-12%2F201812111422346257.png', '腾讯体育，是腾讯公司的一款针对体育视频的手机app应用，主要为用户提供足球、篮球、网球、高尔夫等赛事的直播、点播和资讯的视频服务。');
INSERT INTO `author` VALUES (112, 'ESPN', 'https://ss0.bdstatic.com/70cFvHSh_Q1YnxGkpoWK1HF6hhy/it/u=1487067588,656680632&fm=26&gp=0.jpg', '时代华纳旗下有线体育频道，于1979年成立。后来ESPN放弃了娱乐节目，全力发展体育节目。亚洲地区（除日本外）由星空传媒同时经营ESPN及卫视体育台，称为ESPN STAR Sports，中国、东南亚等地区的观众均可以收看ESPN及卫视体育台。其节目通过卫星加密信号和送带等方式传送，在信号落地后经当地的有线网络进入普通用户家中。由于其节目覆盖面大且销售网络遍布全球，因此该频道在全球享有极高的知名度。');
INSERT INTO `author` VALUES (113, '硬币聊篮球', 'https://inews.gtimg.com/newsapp_ls/0/12643033235_200200/0', '腾讯体育首席撰稿人，资深NBA作者，热爱篮球故事，喜欢将那些故事讲给同样热爱它们的朋友。');
INSERT INTO `author` VALUES (114, '大建侃球', 'https://inews.gtimg.com/newsapp_ls/0/3467124498_200200/0', '专业的篮球解读，原汁原味的NBA分析。');
INSERT INTO `author` VALUES (115, '掌擂', 'https://inews.gtimg.com/newsapp_ls/0/255367332_200200/0', '资深NBA记者，报道NBA已10多年。');
INSERT INTO `author` VALUES (116, '风清扬吖', 'https://inews.gtimg.com/newsapp_ls/0/2559417890_200200/0', 'NBA写手，一个普通的NBA球迷。');
INSERT INTO `author` VALUES (117, '伟衡', 'https://inews.gtimg.com/newsapp_ls/0/9602453322_200200/0', 'NBA资深撰稿人，从事NBA相关报道15年。第一手资讯报道、深度分析评论。');
INSERT INTO `author` VALUES (118, '醉卧浮生', 'https://inews.gtimg.com/newsapp_ls/0/240728764_200200/0', '醉卧浮生的涂鸦人生。');
INSERT INTO `author` VALUES (119, 'A8体育官方', 'https://inews.gtimg.com/newsapp_ls/0/7050398958_200200/0', 'A8体育官方企鹅号，让我们一起感受体育的魅力！');
INSERT INTO `author` VALUES (120, '草莓味的一球小负', 'https://inews.gtimg.com/newsapp_ls/0/11649417066_200200/0', '今天你的主队甜了吗？');
INSERT INTO `author` VALUES (121, '侃球部落', 'https://inews.gtimg.com/newsapp_ls/0/1036200706_200200/0', '享受足球魅力！专注足球评论！');
INSERT INTO `author` VALUES (122, '中国新闻网', 'https://inews.gtimg.com/newsapp_ls/0/1114444286_200200/0', '中国新闻网是全球互联网中文新闻资讯最重要的原创内容供应商之一。');
INSERT INTO `author` VALUES (123, '新京报', 'https://inews.gtimg.com/newsapp_ls/0/dbg_2144844_100100/0', '历史将记住那些平凡的推动者与制度变革者，记住一个时代如何于细微处渐渐脱胎换骨。用胸怀装几粒希望的种子，我们一同出发。');
INSERT INTO `author` VALUES (124, '罗掌柜体育', 'https://inews.gtimg.com/newsapp_ls/0/1742752466_200200/0', '体育原创作者 各类体育赛事直播 敬请关注！');

-- ----------------------------
-- Table structure for collect
-- ----------------------------
DROP TABLE IF EXISTS `collect`;
CREATE TABLE `collect`  (
  `user_id` varchar(10) CHARACTER SET utf8 COLLATE utf8_bin NOT NULL,
  `news_ids` text CHARACTER SET utf8 COLLATE utf8_bin,
  PRIMARY KEY (`user_id`) USING BTREE
) ENGINE = InnoDB CHARACTER SET = utf8 COLLATE = utf8_bin ROW_FORMAT = Dynamic;

-- ----------------------------
-- Records of collect
-- ----------------------------
INSERT INTO `collect` VALUES ('张三', '[1,3]');
INSERT INTO `collect` VALUES ('李四', '[]');

-- ----------------------------
-- Table structure for comment
-- ----------------------------
DROP TABLE IF EXISTS `comment`;
CREATE TABLE `comment`  (
  `comment_id` int(11) NOT NULL AUTO_INCREMENT,
  `user_name` varchar(30) CHARACTER SET utf8 COLLATE utf8_bin DEFAULT NULL,
  `content` varchar(511) CHARACTER SET utf8 COLLATE utf8_bin DEFAULT NULL,
  `timestamp` int(11) DEFAULT NULL,
  `news_id` int(11) DEFAULT NULL,
  PRIMARY KEY (`comment_id`) USING BTREE
) ENGINE = InnoDB AUTO_INCREMENT = 34 CHARACTER SET = utf8 COLLATE = utf8_bin ROW_FORMAT = Dynamic;

-- ----------------------------
-- Records of comment
-- ----------------------------
INSERT INTO `comment` VALUES (7, '123', 'abc', 1609485894, 1);
INSERT INTO `comment` VALUES (8, '321', '123', 1609854576, 1);
INSERT INTO `comment` VALUES (10, 'hjq', '222', 1609898388, 1);
INSERT INTO `comment` VALUES (12, 'hjq', '哈哈哈哈哈', 1609916205, 1);
INSERT INTO `comment` VALUES (15, '888', '1111', 1609918437, 7);
INSERT INTO `comment` VALUES (17, 'hjq', '哈哈哈哈', 1609921970, 2);
INSERT INTO `comment` VALUES (18, '321', '姚明真高', 1609922798, 3);
INSERT INTO `comment` VALUES (19, '321', 'CBA加油', 1609922811, 3);
INSERT INTO `comment` VALUES (20, '321', '1111', 1609923353, 3);
INSERT INTO `comment` VALUES (21, '321', 'GCY', 1609923503, 1);
INSERT INTO `comment` VALUES (22, '321', 'UHFU', 1609923526, 3);
INSERT INTO `comment` VALUES (23, '888', 'PPP', 1609923556, 3);
INSERT INTO `comment` VALUES (25, '888', 'GFG', 1609923638, 1);
INSERT INTO `comment` VALUES (28, '888', '聚合反应学习国防', 1609923722, 5);
INSERT INTO `comment` VALUES (29, '888', '123', 1609978957, 2);
INSERT INTO `comment` VALUES (30, '888', '321', 1609978965, 2);
INSERT INTO `comment` VALUES (31, '888', '1111', 1609978982, 4);

-- ----------------------------
-- Table structure for main
-- ----------------------------
DROP TABLE IF EXISTS `main`;
CREATE TABLE `main`  (
  `news_id` int(10) NOT NULL AUTO_INCREMENT,
  `author_id` int(10) DEFAULT NULL,
  `title` text CHARACTER SET utf8 COLLATE utf8_bin,
  `post_time` text CHARACTER SET utf8 COLLATE utf8_bin,
  `type` varchar(10) CHARACTER SET utf8 COLLATE utf8_bin DEFAULT NULL,
  `content` text CHARACTER SET utf8 COLLATE utf8_bin,
  PRIMARY KEY (`news_id`) USING BTREE
) ENGINE = InnoDB AUTO_INCREMENT = 43 CHARACTER SET = utf8 COLLATE = utf8_bin ROW_FORMAT = Dynamic;

-- ----------------------------
-- Records of main
-- ----------------------------
INSERT INTO `main` VALUES (1, 100, '杜锋:我刚打球时哪有时间上场 现在年轻人很幸福', '1604764800', '篮球1', '[{\"type\":\"word\",\"text\":\"121比90，广东东莞大益队游刃有余地击败了四川队，豪取CBA常规赛8连胜。这场比赛，四川队外援哈达迪没有出战，而广东队也只有两节派上外援，同时使用了很多年轻球员，双方都把这场比赛当做练兵之战。\\n在比赛结束后，杜锋连续第二次把赵锦洋这名第一年打职业联赛的“新兵”带到赛后新闻发布会现场。\\n“又带赵锦洋来开新闻发布会，他这场比赛拿了19分。”杜锋笑着说：“现在的年轻人很幸福，我刚打球的时候，根本没有时间来锻炼和比赛。现在给年轻球员们那么多时间打球，我希望他们明白，是主力队员、老队员拼出时间给他们上场锻炼的，希望他们珍惜这样的上场机会。上一场他有7次失误，这场好一点，有6次。”杜锋看着技术统计勉励赵锦洋：“希望你的失误数字，每一场都比上一场减少一些。”\"},{\"type\":\"photo\",\"uri\":\"https://nimg.ws.126.net/?url=http%3A%2F%2Fcms-bucket.ws.126.net%2F2020%2F1108%2Fb69ced03j00qjgv56003sc000iz00sgc.jpg&thumbnail=660x2147483647&quality=80&type=jpg\"}]');
INSERT INTO `main` VALUES (2, 101, '曝亚洲杯预选赛或延期 韩国男篮已宣布放弃比赛', '1604851200', '篮球', '[{\"type\":\"word\",\"text\":\"据知名篮球媒体人宋翔透露，亚洲杯预选赛B组比赛大概率延期进行，因此CBA第二阶段比赛被“提前”到12月1日打响。“消息源，原定于11月27日至30日举行的亚洲杯预选赛第一阶段比赛，将很有可能延期进行。这个小组也是中国男篮所在的分组，对手分别是中国台北、日本与马来西亚队。也正是因此，CBA第二阶段比赛被“提前”到12月1日打响。”北京青年报篮球记者宋翔在微博上说道。\\n10月底，FIBA公布男篮亚洲杯预选赛赛程，比赛将在卡塔尔多哈举行。中国男篮被分在B组，同组对手是日本、中国台北和马来西亚，首战在11月27日对阵中国台北。\\n因为新冠疫情的原因，韩国男篮在近日宣布放弃参加11月亚洲杯预选赛，韩国队目前处于A组，同组对手有菲律宾，印度尼西亚和泰国队，A组的比赛计划于11月在巴林进行。\"},{\"type\":\"photo\",\"uri\":\"https://nimg.ws.126.net/?url=http%3A%2F%2Fcms-bucket.ws.126.net%2F2020%2F1109%2Fb542744ej00qji2vm0010c000ic00c9c.jpg&thumbnail=660x2147483647&quality=80&type=jpg\"}]');
INSERT INTO `main` VALUES (3, 101, '张庆鹏:退役仪式非常圆满 我的一切留给中国篮球', '1604678400', '篮球', '[{\"type\":\"word\",\"text\":\"在昨天辽宁对阵山东比赛前，CBA为老将张庆鹏举办了球衣退役仪式。比赛结束后，张庆鹏在个人社交媒体转发了自己的退役仪式视频并发表了自己的退役感言。在昨天的退役仪式中，现场用一部短片回顾了张庆鹏辉煌的职业生涯。中国篮协主席姚明、山东队主教练巩晓彬等嘉宾来到现场，出席了仪式，中国篮协主席姚明还为张庆鹏颁发了CBA纪念版球衣。\\n\\n昨天晚上，张庆鹏在个人社交媒体转发了自己的退役仪式视频并深情的写道：“再见，再见，今天一切的一切都是圆满，不需要你认可，不需要你表达，我的一切留给中国篮球，留给那些熟悉我的你们，我爱你们。”\\n\\n张庆鹏出生于1981年，辽宁人，司职后卫位置。张庆鹏职业生涯曾先后效力过辽宁、新疆、北京和山东等球队，2020年9月他正式宣布退役。\\n\\n张庆鹏退役仪式\"},{\"type\":\"photo\",\"uri\":\"https://nimg.ws.126.net/?url=http%3A%2F%2Fcms-bucket.ws.126.net%2F2020%2F1107%2Fea5d8365j00qjefcv0074c000sg00izc.jpg&thumbnail=660x2147483647&quality=80&type=jpg\"}]');
INSERT INTO `main` VALUES (4, 102, '20分大逆转！浙江险胜深圳夺十连胜 吴前26分', '1604851200', '篮球', '[{\"type\":\"word\",\"text\":\"2020年11月9日，CBA常规赛第10轮继续激战。深圳与浙江展开较量。此役一波三折，首节，浙江领先深圳1分。上半场战罢，深圳反超浙江17分。第三节结束，深圳仍然领先浙江3分。末节，两队比分紧咬，在落后1分的情况下，关键时刻兰兹博格上篮，外加两罚一中，帮助浙江实现逆转。在最多落后20分的情况下，浙江106-104逆转险胜深圳，豪夺10连胜。\\n深圳：沈梓捷28分10板4断2帽、卢艺文6分3板2助、容子峰7分2板、布克37分3板8助、顾全11分7板2助2断、贺希宁7分4板3助4断、卢鹏羽8分2板2助。\\n浙江：张大宇6分4板、朱旭航5分5板2断2帽、吴前26分6板6助、王奕博8分2助、兰兹博格34分9板7助3断、陆文博10分2板、程帅澎5分3板3断、刘泽一8分4板、拉科塞维奇2分4板。\"},{\"type\":\"photo\",\"uri\":\"https://n.sinaimg.cn/front20201109ac/580/w690h690/20201109/0fc3-kcunqzc2319889.jpg\"}]');
INSERT INTO `main` VALUES (5, 103, 'CBA也有JR！0秒压哨绝杀自己！场上9人都懵了', '1604937600', '篮球', '[{\"type\":\"word\",\"text\":\"北京时间11月9日，CBA第一阶段继续进行，刚刚拿下首胜的天津队遇上了江苏队。上半场天津在金鑫的带领下打得风生水起，江苏下半场突然觉醒，第三节完成反超后一直保持微弱领先，最终以108-105战胜对手，收获赛季第3胜。\\n比赛最后11秒，天津队102-106落后4分，探花秀林庭谦接球后一路狂奔，在对方的严防死守下命中关键3分！直接将分差缩小到1分。本场他出战30分钟，9投3中仅得到11分1板3助3断3失误，但关键时刻毫不手软。\\n此后天津采取犯规战术，史鸿飞两罚全中，只给对方留下了5.2秒的进攻时间。天津这时仍落后3分，底线发球后，队友找到有错位优势的孟子凯，没想到后者此时竟选择上篮！而且还进攻超时！这球可以说是看懵了场上的9人。就这样，天津惨遭自己人绝杀，以3分的差距输掉了比赛。本场国内球员可以说是尽力了：时德帅砍下19分8板，金鑫登场42分钟，拿下20分11板7助5断，最后时刻犯满离场，看到努力付诸东流，他下场后坐在场边的背影格外落寞……\"},{\"type\":\"photo\",\"uri\":\"https://n.sinaimg.cn/sports/crawl/291/w550h541/20201110/425d-kcunqzc3103978.jpg\"}]');
INSERT INTO `main` VALUES (6, 102, '17分6助0失误！赵继伟向郭士强们的汇报演出', '1604851200', '篮球', '[{\"type\":\"word\",\"text\":\"17分、6次助攻、0次失误，赵继伟延续辽宁男篮历代后卫的辉煌\\n辽宁男篮与广州男篮的比赛，可谓是一场辽宁男篮几代后卫的大聚会，本场比赛，担任两支球队主帅的，分别是辽宁男篮曾经的后卫郭士强和杨鸣，而在咪咕体育的解说台区，还坐着另外一个辽宁男篮走出的后卫、张庆鹏，当然，在如今的辽宁男篮阵中，还有如日中天的郭艾伦和“冉冉升起”的赵继伟。\\n除了历代辽宁男篮后卫的聚会，这场比赛因为两队实力悬殊实在没有太多可说的，因此，随着比赛的进行，这场比赛因此更像是赵继伟、这位之前提到过的几位中最年轻的辽宁男篮后卫，向自己的多位前辈的汇报演出。\"},{\"type\":\"photo\",\"uri\":\"https://n.sinaimg.cn/sports/transform/283/w650h433/20201109/6f33-kcunqzc2449782.jpg\"}]');
INSERT INTO `main` VALUES (7, 102, '浙江外援后仰跳投吃违体 可王骁辉那球怎么算?', '1604851200', '篮球', '[{\"type\":\"word\",\"text\":\"兰兹博格后仰跳投被吹违体\\n同样的动作遭到不同的处罚，CBA联赛的“哨子”是不是太随意？\\n本赛季的CBA赛场上，违体犯规（技术犯规）出现的频率实在是有些过高，但与此同时也难免让人产生一个疑问，这些判罚究竟有没有一个统一的标准？之所以产生这样一个疑问，也许就和9日晚进行的浙江男篮险胜深圳男篮的比赛中，裁判吹罚兰玆博格的一个违体犯规有关。\\n浙江男篮与深圳男篮的比赛进行到第四节还剩7分24秒时，兰玆博格的跳投命中之后却响起了哨声。最终经过回放显示，兰玆博格投篮结束之后有一个伸腿的动作，而且恰好绊倒了扑上来防守的顾全，最终，裁判认定兰玆博格的进球有效的同时，也吹罚了兰玆博格一个违体犯规，顾全利用这次违体犯规帮助深圳男篮将比分追至88比90。兰玆博格因为投篮后伸腿被吹罚技术犯规，难免让人连续到11月1日晚进行的浙江男篮94比92险胜北京男篮的比赛。\"},{\"type\":\"photo\",\"uri\":\"https://n.sinaimg.cn/sports/transform/220/w568h452/20201109/6609-kcunqzc2409021.jpg\"}]');
INSERT INTO `main` VALUES (9, 101, '西甲-苏牙再建功菲利克斯双响 马竞4-0大胜加的斯', '1604764800', '足球', '[{\"type\":\"word\",\"text\":\"北京时间11月8日凌晨4点，西甲联赛第9轮，马德里竞技坐镇主场迎战加的斯。上半场比赛菲利克斯头球破门，略伦特进球扩大领先优势。下半场比赛苏亚雷斯取得进球，菲利克斯终场前再入一球锁定胜局，马竞最终4-0战胜加的斯，取得联赛4连胜。马竞和加的斯在西甲联赛中交锋过24次，马竞14胜5平5负占据上风。两队最近10次交锋中，马竞6胜4平保持不败。\\n第8分钟，科克前场任意球长传禁区，莱德斯马出击摘球却和队友法里撞在一起，略伦特得球后挑传门前，菲利克斯头球破门，马竞1-0领先。\\n第22分钟，特里皮尔右路横敲禁区，略伦特扣过阿莱克斯-费尔南德斯后低射攻门，皮球撞在莱德斯马小腿上弹起后飞进球门，马竞2-0领先。\\n第51分钟，苏亚雷斯横敲，菲利克斯直塞禁区，苏亚雷斯反越位前插到禁区接应推射破门，主裁判确认过VAR后宣布进球有效，马竞3-0领先。\\n第90分钟，科雷亚接队友中场长传后挑传禁区送助攻，菲利克斯停球推射破门锁定胜局，马竞最终4-0战胜加的斯。\"},{\"type\":\"photo\",\"uri\":\"https://nimg.ws.126.net/?url=http%3A%2F%2Fcms-bucket.ws.126.net%2F2020%2F1108%2Ffab0c1fcj00qjg5hx01onc001uo011ic.jpg&thumbnail=660x2147483647&quality=80&type=jpg\"}]');
INSERT INTO `main` VALUES (11, 104, '保级后王宝山硬气了：我从来没觉得泰达是降级热门', '1604937600', '足球', '[{\"type\":\"word\",\"text\":\"本报讯（记者 赵睿）今天下午开始本年度中超最后一轮比赛，天津泰达与河南建业第二回合交锋胜者将获得联赛第九名。赛前发布会，主教练王宝山表示：“希望我们能够继续展现好的方面，奉献精彩的比赛。”郑凯木说：“我们会全力以赴，给球迷一个交代。”\\n两支队伍第一回合较量乏善可陈，王宝山透露，球队已总结了原因：“上场比赛没有完全打出我们演练的战术要求。这两天在总结分析上一场比赛我们表现不好需要改进的方面。”郑凯木上轮停赛，本轮复出，泰达中场实力稳中有升，“联赛的最后一场了，希望用精彩的比赛给特殊的赛季画上一个完美的句号。那些仍在电视机前支持我们的球迷，最后一场比赛也需要给他们一个答复。”　\\n泰达第一阶段成绩糟糕，被认为是降级大热门，但在第二阶段却快速保级，而且联赛排名甚至好过第一阶段某些表现不错的队伍，王宝山昨天也给这个绕不开的话题画上了句号，他说：“我们从来没觉得泰达是降级热门，这个话题不存在。”\\n本赛季泰达从上海申花租借来刘若钒、蒋圣龙两名U23球员，尤其是蒋圣龙的到来，对队伍后防线的稳定起到了很大作用。随着赛季结束，两位小将的去留也成为外界关注的焦点。王宝山表示：“我们首先还是感谢申花租借给我们两个年轻球员，他们在这里的表现也非常不错。至于下一步的工作需要两个俱乐部去协商。”据悉，由于上海申花目前伤病号比较多，所以决定召回刘若钒、蒋圣龙等5名外租球员，随队前往卡塔尔多哈参加亚冠联赛。\\n昨天下午，泰达全体队员以轻松的姿态迎接赛前最后一练。打完本场比赛之后，队伍迎来一个短暂的调整期，16日在天津重新集结，备战26日进行的足协杯八分之一决赛，对手是中甲球队贵州恒丰。\"},{\"type\":\"photo\",\"uri\":\"https://n.sinaimg.cn/sports/transform/282/w650h432/20201110/3441-kcunqzc3471461.jpg\"}]');
INSERT INTO `main` VALUES (12, 105, '富力赛季最大发现有望夺中超大奖 斯托早就夸过他', '1604972880', '足球', '[{\"type\":\"word\",\"text\":\"新快报讯 记者王敌大连报道 今天下午，2020赛季的最后一轮比赛将正式展开。广州富力对阵大连人。虽然两队都没有争夺亚冠参赛资格和保级任务，然而对于富力队的年轻门将韩佳奇来说，这场比赛绝非鸡肋，他还要抓紧机会证明自己。\\n有望锁定联赛出场。\\n本赛季，富力一共完成了4场零封。就零封对手的次数来看，富力的表现要优于去年。上赛季30轮比赛，富力仅零封1次。富力只要今天能够再零封一次，富力的零封比例就能达到赛季的1/4。\\n如无意外，富力的首发门将依然会是小将韩佳奇。本赛季，韩佳奇“惊喜”上位，取代了程月磊成为了球队的“一门”。赛季至今，韩佳奇还从未缺席过1分钟的比赛，以1710分钟的出场时间“领跑”联赛。只要今天继续打满全场，韩佳奇就能确定成为本赛季的“出场王”。\\n对只有21岁的韩佳奇来说，赛季全勤也意味着他很有机会当选今年的中超最佳新人。按照规则，只有21岁以下球员有资格竞争这个奖项，同时对出场时间也有要求。就本赛季的U21球员整体表现来看，韩佳奇的竞争对手不多，只有周俊辰（青岛黄海）、牛梓屹（河南建业）有资格获评，但在比赛时间方面，都和韩佳奇相差甚远。\\n韩佳奇曾表态对最佳新人并没有太多想法。“还是要做好自己，踢好每一场比赛。”韩佳奇说。然而，对富力而言，无论韩佳奇是否当选最佳新人，他都是今年的一大发现。\"},{\"type\":\"photo\",\"uri\":\"https://n.sinaimg.cn/sports/transform/131/w650h281/20201110/9718-kcunqzc3456425.jpg\"}]');
INSERT INTO `main` VALUES (13, 106, '1年无球可踢!32岁前恒大国脚仍没找到下家', '1604937600', '足球', '[{\"type\":\"word\",\"text\":\"11月9日是恒大首夺亚冠的纪念日，时隔已经7年当时的恒大球员仅有极少部分还留在球队，大部分人都已经离开甚至是退役，其中一名当年被给予厚望的球员，如今却找不到下家，接近1年时间无球可踢了，他就是32岁的冯仁亮。\\n对于大多数职业球员来说，32岁理应还是黄金年龄，英超的瓦尔迪在这年纪当上金靴，而国内足坛的曾诚也在这年纪重返国家队，但对于冯仁亮来说，今年却显得无比苦涩。\\n上赛季他还是人和的一线队球员，中超一共出场8次。可惜自从球队降级后，他就解约离开了。也许是受到疫情影响，他辗转了多支球队进行试训都不顺利，其中就包括栽培他出身的申花，一直到现在都没有找到下家。今年内国内足坛的三个转会窗都已经关闭，也就意味着至少今年他都无球可踢。\"},{\"type\":\"photo\",\"uri\":\"https://n.sinaimg.cn/sports/crawl/59/w550h309/20201110/4bbc-kcunqzc3339680.jpg\"}]');
INSERT INTO `main` VALUES (14, 107, '大连赛区裁判组长刘铁军：新老交替让联赛耳目一新', '1604937600', '足球', '[{\"type\":\"word\",\"text\":\"时光如同白驹过隙，转眼间，2020中国平安中超联赛即将落幕。从7月到11月，由盛夏至深秋，100多个日日夜夜，汇聚成2020赛季中超联赛的难忘记忆。回顾大连赛区近4个月的封闭生活，在中国足协、中超工作组、大连赛区组委会以及大连体育中心皇冠假日酒店的全体服务保障人员的努力协作下，本赛季中超联赛安全、有序、精彩地呈现。在这背后，大连赛区工作组人员讲述了许多不为人知的幕后故事。\\n在所有的工作中，防疫是重中之重，同时一切工作都围绕竞赛展开，加之备受关注的裁判工作，使得这三个工作组曝光频率相对更高，甚至可以说每一个细节都被放大镜来观察聚焦。\\n防疫与安保组：防疫专家组保驾护航 科学部署严格执行\\n中超联赛的顺利开赛，对于中国足协和整个中国足球行业而言，都是一个非常重要的标志。新冠疫情的防控工作，对于赛事能否顺利开展，成功举办，将起到至关重要的作用。中超联赛大连赛区防疫与安保组组长戚军说道，“我们蓝区防疫管理跟安保，还有医疗其实都分不开，各个工作组之间都有衔接和关联。所以说在大连赛区，这三块工作都由我们这个组来做，按照之前制定的中超联赛防疫工作总体方案相关原则，我们来开展相关工作。”\\n对于大连赛区防疫组来说，7月22日大连新冠疫情的突然爆发，让3天后即将开幕的中超联赛增加了种种不确定性，压力也非常大，戚军坦言，“那个时候不仅仅是我这个防疫组长，我们整个赛区的全体工作人员，包括协会的领导，如何来决策？如何跟大连市政府共同来判断这项赛事能不能去做？特别是赛事能不能成功？如果说中超联赛不能开赛，对于整个中国足球界的打击会非常大。”\\n在重重压力和考验之下，中超联赛顺利开赛，源于各项疫情防控工作的科学部署、严格执行。实际上，在筹备中超联赛的过程中，中国足协聘请了以上海华山医院张文宏教授为首的防疫专家组，而相关的防疫方案都是经过专家来提前认定过的。实际上，在大连没有发生疫情之前，整个赛事就已经按照防疫方案来严格执行了。\"},{\"type\":\"photo\",\"uri\":\"https://n.sinaimg.cn/sports/crawl/116/w550h366/20201109/dfe7-kcunqzc2553744.jpg\"}]');
INSERT INTO `main` VALUES (15, 101, '巴黎大师赛小兹维后程崩盘 梅德韦杰夫破冠军荒', '1604878842', '网球', '[{\"type\":\"word\",\"text\":\"ATP1000巴黎大师赛落下帷幕。赛会3号种子梅德韦杰夫决赛里先输后赢，以5-7，6-4，6-1的比分逆转战胜德国名将小兹维列夫。梅德韦杰夫终结小兹维的12连胜，成为第4位在该赛事封王的俄罗斯选手，同时打破自己长达13个月的冠军荒。这是梅德韦杰夫生涯里拿到的第3个大师级别赛事的冠军。\\n上赛季表现神勇的梅德韦杰夫今年状态一般，巴黎大师赛是他本赛季闯入的首个决赛，在此之前他最近出战8场仅胜3次。小兹维携背靠背的科隆赛冠军而来，在半决赛里还爆冷挑落头号种子纳达尔。至此已12连胜的德国人还保持着对梅德韦杰夫5胜1负的交战纪录。\\n首盘双方一路各自保发直至最后一局。梅德韦杰夫接连反手失误送给小兹维连续3个盘点，面对第3次危机俄罗斯人原计划压线的正手未能击中目标，小兹维凭借这次破发先下一盘。\\n次盘双方战至1-1，梅德韦杰夫努力了15分钟都无法破掉小兹维第3局的发球局。两人僵持到4-4。梅德韦杰夫关键时刻提升状态，他拿下接下来9局争夺中的8局。小兹维输掉次盘后love game丢掉决胜盘开始的发球局。梅德韦杰夫在对手送出全场第3次双误后逆转胜出。\\n梅德韦杰夫加入同胞萨芬、达维登科和卡恰诺夫的行列，成为第4位赢得巴黎大师赛冠军的俄罗斯选手，他将自己的赛季总战绩改写成23-10，和小兹维的交战纪录也被改写成2-5。梅德韦杰夫和小兹维都已拿到今年年终总决赛的席位。\"},{\"type\":\"photo\",\"uri\":\"https://nimg.ws.126.net/?url=http%3A%2F%2Fcms-bucket.ws.126.net%2F2020%2F1109%2F72e6252aj00qji4el001bc000hs008mc.jpg&thumbnail=660x2147483647&quality=80&type=jpg\"}]');
INSERT INTO `main` VALUES (16, 108, '小德第6次锁定年终第一宝座 超越费纳仍被争议缠绕', '1604804191', '网球', '[{\"type\":\"word\",\"text\":\"与桑普拉斯并列历史第一\\n这是小德第六次荣获年终第一的荣誉，他超越了瑞士名将费德勒的5次，与前球王皮特·桑普拉斯并肩名列第一。此外小德的世界排名第一累积周数，也即将超越费德勒，目前他已达到293周，不出意外，将在2021年3月8日超过费德勒的310周。\\n此前德约科维奇曾经在2011年、2012年、2014年、2015年和2018年先后获得年终第一。\\n本赛季有辉煌有争议\\n回顾本赛季，小德的表现除了辉煌，也充满争议。这个赛季他5次闯入巡回赛决赛，拿到了4座冠军，其中包括了一座大满贯冠军和2次大师赛冠军。赛季开局阶段还取得了一波26连胜。\\n另一方面，小德今年战绩虽高达39胜3负，但输掉的三场比赛，场场具有争议。第一场就是美网时小德挥手击球打中线审(网球裁判员的一种)，被取消资格(美网男单第四轮，德约科维奇因发泄球意外击中线审，被判直接告负)；第二场法网决战，遭纳达尔横扫；第三场是ATP维也纳站仅得3局败给意大利人索内戈。\\n曾经的小德，自信、阳光，他最为人称道的不仅是平衡的打法和天赋的网球意识，还有赛场内外的幽默感。随着小德站上网坛最高位置，小德身上的沉重感，取代了轻松。\\n比如小德回顾自己本赛季的表现时，认为美网并没有错。小德还强调，应该用科技取代线审，“我提出这个论点后，遭受了许多不公平的攻击，其实这是我多年来一直诉求的，与美网发生的事毫无关系。”\\n此外谈到自己为了赢得更多的积分，放弃卫冕巴黎大师赛，而改打维也纳公开赛的选择时，小德表示：“或许有人对我实话实说，讲出真正的想法感到不满，但我不喜欢伪装，做人要真诚坦白，就是我一直接受的教育。”\\n不知道德约科维奇曾经的诙谐幽默，是否只是伪装。他在维也纳公开赛表现出了坦诚的一面。根据积分排名，他只需赢下两场比赛，就可坐稳年终世界第一的排名。结果小德真的只赢得前两轮比赛，就见好就收。在赛后的新闻发布会上，德约科维奇坦言：“我做了我必须要做的事，所以我来到了这里。结果没有问题。”\\n他仍未享受到真正的成就\\n德约科维奇的言论随即招致了维也纳公开赛总监的批评：“这些声明是不必要的。即使您的目的确实是这样，这也不是在任何新闻发布会上都应该说的话。”\\n在小德的团队里，对外界的反应同样表示不理解。德约科维奇的父亲在今年2月的2020澳网赛后表示：“ 这是一项富人的运动，他们不能理解一个从穷苦的塞尔维亚人能够成为过去十年最好的球员。这种(不尊重)在世界各地都有，(小德)从没抱怨过。”\\n其实德约科维奇已经凭借自身的努力，在网坛赢得了尊重。小德的全满贯和双轮金大师，已是网球世界难以企及的成就。\\n但现在看，这些伟大的成就，还没能让德约科维奇享受到真正的成就感。\"},{\"type\":\"photo\",\"uri\":\"https://nimg.ws.126.net/?url=http%3A%2F%2Fpic-bucket.ws.126.net%2Fphoto%2F0005%2F2020-10-10%2FFOIE9E8505HE0005NOS.jpg&thumbnail=660x2147483647&quality=80&type=jpg\"}]');
INSERT INTO `main` VALUES (17, 101, '巴黎大师赛纳达尔止步四强 兹维12连胜剑指冠军', '1604790729', '网球', '[{\"type\":\"word\",\"text\":\"ATP1000巴黎大师赛结束男单半决赛的争夺。头号种子纳达尔没能抗住德国名将小兹维列夫轰出的13个ace球，以4-6，5-7的比分落败，爆冷止步四强。小兹维列夫豪取12连胜晋级决赛，将与3号种子梅德韦杰夫争夺冠军。\\n纳达尔不久前刚刚成为公开赛时期以来第4位加入“千胜”俱乐部的球员，小兹维列夫则带着此前两周科隆赛背靠背的两冠而来。这是双方之间的第7次交手。23岁的小兹维列夫先后轰出13个ace球，凭借出色的发球将两人交战纪录改写成2-5，这也是他生涯里总共第7次打进ATP1000大师级别赛事的决赛，他是25年来第一位闯入巴黎大师赛男单争冠赛的德国人。\\n小兹维列夫顺利保住自己开始8个发球局。首盘他在第3局兑现该盘出现的唯一一次破发，次盘也是在第3局率先打破僵局。直至次盘第8局争夺纳达尔才首次攻陷小兹维的发球局，头号种子借此将次盘比分追成4-4。小兹维列夫及时扼杀纳达尔的反扑，4-5落后的情况下他提升状态，以连赢最后3局的表现锁定胜利。\\n小兹维列夫将与自己保持5胜1负交战纪录的俄罗斯人梅德韦杰夫争夺冠军。\\n梅德韦杰夫在另外一场半决赛里同样直落两盘，用6-4，7-6(4)的比分击退加拿大名将拉奥尼奇。梅德韦杰夫在面对7次破发危机的情况下化解了6个破发点，这是他13个月以来首次重返巡回赛决赛，同时也是他第4次打进大师级别赛事的争冠赛（此前3场决赛他的战绩为2冠1亚）。现世界排名第5的梅德韦杰夫本赛季状态一般，巴黎大师赛之前他在参加的8场比赛里输掉了5场。\"},{\"type\":\"photo\",\"uri\":\"https://nimg.ws.126.net/?url=http%3A%2F%2Fpic-bucket.ws.126.net%2Fphoto%2F0005%2F2020-01-29%2FF43BRG5P05HE0005NOS.jpg&thumbnail=660x2147483647&quality=80&type=jpg\"}]');
INSERT INTO `main` VALUES (18, 102, '哈勒普新冠检测呈阳性：有轻微症状 已自我隔离', '1604146620', '网球', '[{\"type\":\"word\",\"text\":\"10月31日晚消息，罗马尼亚网球女单名将、大满贯冠军西蒙娜-哈勒普透露自己的新冠检测呈阳性，有轻微症状。\\n29岁的她说：“大家好，我想让大家知道我COVID-19的测试呈阳性。我在家自我隔离，并且从轻度症状中恢复良好。我感觉很好。让我们将一起度过难关。”\\n\\n\"},{\"type\":\"photo\",\"uri\":\"https://n.sinaimg.cn/sports/transform/324/w650h474/20201031/f4fb-kcieyvz1006030.png\"}]');
INSERT INTO `main` VALUES (19, 102, '法网张帅不敌科维托娃 无缘第三次进大满贯八强', '1601894160', '网球', '[{\"type\":\"word\",\"text\":\"北京时间10月5日，2020年法国网球公开赛继续展开女单第四轮的争夺，已经创造个人法网最好成绩的张帅迎战两届大满贯冠军科维托娃。最终张帅2-6 4-6不敌对手无缘第三度杀进大满贯八强。\\n两位球员此前有过5次交手，张帅2胜3负略处于下风。\\n比赛由张帅率先发球，科维托娃开场就展示了强大的进攻火力，破掉张帅的发球局后顺利保发，2-0领跑。第三局，张帅浪费三个局点后再度遭遇破发，科维托娃保发后比分被拉开至4-0。第五局，张帅经历平分考验后惊险保发，第六局双方纠缠了8分钟，科维托娃艰难保发，之后的第七局张帅挽救2个盘点保发，追到2-5，随后张帅申请了离场医疗暂停。暂停回来之后，科维托娃手感依旧，顺利保发6-2拿下首盘。\\n第二盘，张帅开局再遭破发，科维托娃保发后带出2-0的领先。随后四局双方各自保发，科娃继续保持4-2的领先，关键的第七局，张帅再度遭遇破发，科娃5-2迎来发球胜赛局。不甘就此交出胜利的张帅在科娃的发球胜赛局奋力一搏，全场首次破发得手，并在随后自己的发球局挽救一个赛点，将比分追到4-5。第十局，科维托娃的第二个发球胜赛局，捷克名将没有再浪费机会，直落四分拿下，大比分2-0淘汰张帅杀进八强。\"},{\"type\":\"photo\",\"uri\":\"https://n.sinaimg.cn/sports/transform/283/w650h433/20201005/c2a1-kaaxtfn0298781.jpg\"}]');
INSERT INTO `main` VALUES (20, 109, '纳达尔巴黎大师赛首冠梦再破灭 本赛季仅剩一站', '1604811000', '网球', '[{\"type\":\"word\",\"text\":\"中新网11月8日电 2020赛季ATP巴黎大师赛昨夜今晨结束两场男单半决赛，其中一场焦点战，纳达尔全场遭遇三次破发，以4：6/5：7不敌兹维列夫，止步四强，在此地夺得第一冠的梦想，又一次破碎。\\n面对状态出色的兹维列夫，虽然西班牙人在第二盘2：4、0：40落后的情况下，一度连追三局。但最终前者还是直落两盘胜出，闯进决赛的他，将与梅德维德夫争夺冠军。\\n此役失利，是纳达尔在室内硬地赛中面对兹维列夫的连续第二场败仗，在这里夺得首冠的希望再度落空，追平德约大师赛36冠纪录也只能再等明年。纳达尔单打10连胜戛然而止的同时，也无缘再度晋级巴黎大师赛决赛。接下来，他将前往伦敦参加ATP年终总决赛，这将是ATP赛事2020赛季的最后一站比赛。\\n赛后，纳达尔并没有显得太过失望，他高度赞扬了对手在赛场上的表现。“这次比赛我一直表现得很有竞争力，直到遇到一位在这种场地上表现出色的选手，最近他真的赢了非常多，这站比赛的结果对我来说仍然是相当积极的。”\\n“输球我并不高兴，但这也是比赛的一部分，我只能接受这个结果，他确实打得更好。当然我很希望夺冠，但在这里总是会非常困难，不过整个赛事期间，我都保持着积极的心态，每场比赛都战斗到底。”纳达尔表示。\\n此外，纳达尔的目光也已经投向了一周之后的伦敦年终总决赛，他说：“有机会打四场比赛对我征战伦敦很有帮助。我需要适应很多东西，但在重要事情上我做得很好，我有一周的时间，还需要继续努力，期待为伦敦总决赛做好准备。”\"},{\"type\":\"photo\",\"uri\":\"https://n.sinaimg.cn/sports/crawl/135/w550h385/20201108/c9f6-kcpxnww5152893.jpg\"}]');
INSERT INTO `main` VALUES (21, 88, '老照片：张伯伦封盖贾巴尔“天勾”，那年莱利站如喽啰', '1604932920', '篮球', '[{\"type\":\"word\",\"text\":\"虎扑11月9日讯 今天ESPN“WEEKEND WARRIOR”电台节目主持人，福克斯体育评论员罗伯特-克拉珀在推特上晒出了一张老照片。\\n照片中湖人中锋威尔特-张伯伦正试图封盖雄鹿中锋卡里姆-阿卜杜尔-贾巴尔的“天勾”，克拉珀写道：\\n“仔细看，#12号是帕特-莱利。”\"},{\"type\":\"photo\",\"uri\":\"https://i11.hoopchina.com.cn/hupuapp/bbs/993/34462993/thread_34462993_20201109224456_s_117346_o_w_660_h_990_21418.png?x-oss-process=image/resize,w_800/\"},{\"type\":\"photo\",\"uri\":\"https://i5.hoopchina.com.cn/hupuapp/bbs/993/34462993/thread_34462993_20201109224456_s_92624_o_w_660_h_990_59939.png?x-oss-process=image/resize,w_800/\"}]');
INSERT INTO `main` VALUES (22, 110, '纳达尔“跨界”出战高尔夫赛获佳绩 落后冠军10杆排名第六', '1603788120', '网球', '[{\"type\":\"word\",\"text\":\"新华社马德里10月26日电 26日，网球名将纳达尔在巴利阿里高尔夫锦标赛中并列第六。继两周前获得第13个法网冠军后，他“跨界”证明了自己的另一项运动实力。\\n\\n据西班牙媒体《马卡报》报道，此次比赛在纳达尔的家乡西班牙马略卡岛举行。经过3天的角逐，他最终以落后冠军10杆的成绩排名第六。   \\n日前，纳达尔已经确定将出战11月初进行的巴黎网球大师赛，只要在首轮取胜，他就将迎来职业生涯第1000场胜利，成为历史上第4位达成这一成就的选手。\\n\\n在11日举行的2020法国网球公开赛男单决赛中，纳达尔以6:0、6:2、7:5横扫头号种子焦科维奇，追平了费德勒保持的20次大满贯夺冠的男子纪录。（完）\"},{\"type\":\"photo\",\"uri\":\"https://inews.gtimg.com/newsapp_bt/0/12678247517/641\"},{\"type\":\"photo\",\"uri\":\"https://inews.gtimg.com/newsapp_bt/0/12678248378/641\"}]');
INSERT INTO `main` VALUES (23, 111, '劳力士与法国网球公开赛', '1602743100', '网球', '[{\"type\":\"word\",\"text\":\"2020年罗兰·加洛斯（即法国网球公开赛）在上周日落下帷幕，罗拉加洛斯的争夺在深秋举行，也是比较罕见的。这项大满贯赛事因其独特的红土场地而闻名于世，球场的红土表面令球速变慢、弹得更高，球手对打时间因而更加紧凑漫长，考验着球手的体力与意志，若想在这项大满贯赛事脱颖而出，球技、耐性与毅力缺一不可。\\n\\n本次法网赛场还有一位熟悉的老朋友，那便是赛事首席合作伙伴劳力士，这也是劳力士与法网正式合作的第二个年头。劳力士一直以卓越性能而著称，其合作的体育赛事和人物也无一例外与卓越一词密不可分，而网球四大满贯的合作伙伴头衔更是为劳力士所包揽。今年法网的赛场上，毫无意外地出现了2位代表着卓越精神的劳力士代言人身影。\\n\\n出生于1993年的女单选手加尔比妮·穆古拉扎（Garbi?e Muguruza）充满激情与斗志，她于2012年正式投身职业生涯，仅仅两年后的2014年就高踞世界排名首20位。又在2年后，年仅23岁的她便赢得了2016年法网赛事单打冠军，这也是她的首项大满贯殊荣。仅一年后，她便在温布尔登网球锦标赛取得第二项冠军，成功登上世界第一。这些奖项正是她努力的回报。五岁时，其父母决定从委内瑞拉移民到西班牙，让她专注于网球事业发展。她深知家人所作出的牺牲，为了令他们自豪而埋首训练。有趣的是，她与劳力士的渊源可以追溯至她年幼时期，她的父母均佩戴劳力士腕表，她也因此一直希望拥有一只属于自己的劳力士，但她的父亲却告诉她：“你必须致力耕耘，终有一天便能有机会够得自己的劳力士腕表。”直到2014年底，已经位列世界顶级球手的她终于为自己购入了一块劳力士，作为对自己努力付出的奖励。\\n\\n然而今年比较可惜的是，穆古拉扎在10月4日举行的女单16强晋级赛上爆冷输给了美国球手柯林斯，赛后穆古拉扎坦言，“你能在任何一轮比赛中出具，有些从来没看过的选手，表现非常惊人。”穆古拉扎简短的几句话基本概括了本届法网女单前三轮的战况。尽管如此，穆古拉扎仍然有着广阔的前景，或者今年的挫折只是她漫长职业生涯中的一小部分，却可能促使她更进一步巩固及提升自己的能力，期待她在明年的红土赛场卷土重来。\\n\\n还有一位不得不提的球手，是同样出生于1993年的多米尼克·蒂姆（Dominic Thiem），这是一位极具实力的泥地球场网球选手，同时也是本届法网男单三大夺冠热门之一。这位奥地利球手在紧凑漫长的对大众，展现耐性、精准及稳定，让他在2018年及2019年跻身罗兰·加洛斯男子单打决赛。他非常擅长这种球场，17项ATP冠军殊荣中，便有10项是在泥地球场上夺得。多米尼克·蒂姆不仅晋级2020年澳大利亚网球公开赛决赛，更于同年的美国公开赛首度赢得大满贯殊荣。\\n\\n今年很多人都看好他能够阻击纳达尔，和德约在决赛中会师，甚至完全有机会赢下背靠背的大满贯冠军，但可惜的是他在进入八强之后，遗憾败给了阿根廷选手斯瓦茨曼。但和穆古拉扎一样，这位年青选手同样有着傲人的历史战绩和令人可期的未来生涯，继纳达尔和德约之后的男单年青一代，格局已经逐渐形成，蒂姆将会有机会领军未来男单，接过已退役的劳力士代言人费德勒的男单霸主衣钵。\\n\\n劳力士在网球赛事的传奇仍在继续，他与一众出色网球球手的缘分也会延续下去，因为在劳力士和优秀网球选手的基因中都深深印刻着卓越一词。今年是劳力士成为罗兰·加洛斯首席合作伙伴的第二年，相信已经全揽四大满贯的劳力士会携手球手们共同为观众呈现一场又一场精彩绝伦的比赛。\"},{\"type\":\"photo\",\"uri\":\"https://inews.gtimg.com/newsapp_bt/0/12613500569/641\"},{\"type\":\"photo\",\"uri\":\"\"},{\"type\":\"photo\",\"uri\":\"https://inews.gtimg.com/newsapp_bt/0/12613505047/641\"},{\"type\":\"photo\",\"uri\":\"\"},{\"type\":\"photo\",\"uri\":\"https://inews.gtimg.com/newsapp_bt/0/12613505047/641\"}]');
INSERT INTO `main` VALUES (24, 110, '中国1.2亿人次观看2020法网赛事直播 成赛事最大观众群体', '1602727320', '网球', '[{\"type\":\"word\",\"text\":\"新华社巴黎10月14日电（记者肖亚卓）本赛季最后一项网球大满贯赛事——法国网球公开赛已经于本月11日落下帷幕。组委会14日发布的一份数据报告显示，虽然受疫情影响，本届法网现场观众人数受到极大限制，但借助电视及社交媒体，覆盖观众较往年仍然取得较大提升，其中中国观众成为最大的观众群体。\\n\\n该报告显示，整个赛事期间，中国共有1.2亿人次观看了赛事直播，是法国本土观赛人次（3810万）的3倍还要多，比起2019年赛事的中国观赛人次提高了26%。\\n\\n本届赛事在全球范围内共有173家转播商，比上一届增加20家。不出所料，纳达尔与焦科维奇的男单决赛成为最受关注的比赛，最高峰时刻全球有5900万人同时观看这场比赛。\\n\\n此外，社交平台也成为越来越多球迷关注赛事的主要渠道。整个比赛期间，与法网相关的帖文在国外主流社交平台上总浏览量超过4亿次，互动量达到1800万次，相比2019年提高了60%。法网组委会在各社交平台的官方账号总粉丝数量增长了29万。\\n\\n受新冠肺炎疫情影响，2020年法网推迟了4个月举行，根据法国政府规定，现场每日观众人数不得超过1000人。“红土之王”纳达尔在男单决赛中击败世界第一焦科维奇，第13次获得红土大满贯冠军。女单桂冠则被19岁的波兰小将斯维亚特克获得，她在决赛中战胜了今年的澳网冠军科宁。（完）\"},{\"type\":\"photo\",\"uri\":\"https://inews.gtimg.com/newsapp_bt/0/12612271655/641\"}]');
INSERT INTO `main` VALUES (25, 111, '2020中网菁英邀请赛北京站揭幕 活力重燃相聚国家网球中心', '1601127120', '网球', '[{\"type\":\"word\",\"text\":\"9月26日，2020中网菁英邀请赛北京站在国家网球中心揭幕，来自京城社会各界的网球菁英们齐聚一堂，共享网球运动的优雅与魅力。大满贯双打冠军郑洁惊喜亮相，与参赛球友抢七互动。\\n\\n开幕式上，中国网球公开赛赛事总监张军慧在接受采访时说道：“今天我们要庆祝另一个勇敢的开始，比赛落户北京、上海两地，网球人怀着激动的心情，在这个熟悉而又美丽的季节，再次相聚在国家网球中心，让活力重新登场。”\\n\\n本次菁英赛参赛球员最期待的，无疑是在比赛期间和大满贯双打冠军郑洁面对面切磋交流，迎来属于自己的高光时刻。中网的老朋友郑洁和前网球国手张爱民搭档，与菁英球友进行抢七挑战。\\n\\n每年金秋，网球人相聚中网，是习惯、是传统，也是一种符号。今年受到国际疫情影响，中国赛季停摆，面对困难重重的2020，中网以EMBA商学院精准人群为参赛主体、覆盖国内菁英人士的重量级赛事，比赛共设北京与上海两站，其中北京站分为EMBA组、高校组、企业组三个组别，每组12支菁英球队，一共36队；上海站则将于10月17日开打。\"},{\"type\":\"photo\",\"uri\":\"https://inews.gtimg.com/newsapp_bt/0/12529714287/641\"}]');
INSERT INTO `main` VALUES (26, 111, '德约快马加鞭追赶费纳非天方夜谭 GOAT之争让三巨头不敢懈怠', '1563153000', '网球', '[{\"type\":\"word\",\"text\":\"沸沸扬扬的温网终于落幕，那个缠绕在人心头的终极悬念“是21还是16”，也终于有了答案：冷静顽强的塞尔维亚人和以37岁零340天的年纪打入温网决赛的费德勒在联袂创造了一场超越经典的对决后，拿到了自己的第五座挑战者杯，也顺势将大满贯冠军数提升至16座。\\n\\n纵然外界习惯说，这是一场没有失败者的对决。但费德勒心里知道，如果自己是最终的胜利者，他的大满贯冠军数将和之后紧紧追赶的纳达尔拉大到3座，不仅就此跃入安全区域，还将牢牢稳固其GOAT之位。\\n\\n只是，笑到最后的是德约，这位从枪炮童年中走出来的战士，在生死边缘，他用铜墙铁壁和难以想象的平静将自己从生死悬崖的一边拉回来，这大概也是置死地而后生的最好诠释吧。在这片经历两年低谷后重生的草地上，德约顽强地站起来，笑傲世界。\\n\\n16座冠军奖杯对德约的意义不言而喻，不仅在进一步提升其历史地位的同时，也在加紧追赶着排在他前面的纳达尔。2座冠军之遥，对目前各个场地都有非凡实力的德约而言，绝非遥不可及。\\n\\n跟纳达尔相比，德约虽然比其只小1岁，但给外界的感觉是俩人总像是“两代人”，这大概和他们出道时所遇到的背景和起步不同有着密不可分的关联。纳达尔在罗兰·加洛斯以拿冠军的姿态出世，也从此开始了和费德勒爱恨纠缠。少年之王从开始就在赞誉和期待中成长。\\n\\n而德约呢，在2008年墨尔本拿到大满贯首冠时，当时的费德勒已有12座冠军奖杯在手，遥望着传奇之神桑普拉斯的背影，而纳达尔也有三座火枪手杯入账。\\n\\n墨尔本之后，德约跟冠军一别就是三年，而这三年里，费纳依旧你方唱罢我登台，续写着他们的缠绵。之于费纳，德约始终扮演着的是挑战者的角色，他要冲破牢笼统治，他要三分天下，必须拿出比费纳更恐怖的实力，更强大的心理，更顽强的斗志。\\n\\n11年，德约经历过比之费纳更坎坷的经历，他有误入歧途的迷茫，有功成名就后的慌乱，也有找寻不到自我后的乱投医，但塞尔维亚人还是以更强大的一种姿态回归，攻城拔寨，开始了他的时代，于是，才有了如今16冠入手的骄傲。\\n\\n想想，一个月后的纽约，半年后的墨尔本，硬地赛向来是德约的擅长而纳达尔的相对弱项，大满贯数的天平届时又会发生怎样的偏移？忍不住去期待。\\n\\n一旦追赶得上纳达尔，那德约遥望费德勒的20座也非天方夜谭，就像奶牛当年超越桑普拉斯一样，从最初的不敢想到后来提升到了真不敢想的20座。\\n\\n在可以创造巨大历史的机遇面前，在稳定而可以信赖的团队的保障护航之下，再有历经世事终有成熟的心之后，德约为何要停下脚步？他要做的就是加足马力，在费纳都难敌时间摧残出现松动的现实中，去创造自己的GOAT之位。\"},{\"type\":\"photo\",\"uri\":\"https://inews.gtimg.com/newsapp_bt/0/9709302231/641\"},{\"type\":\"photo\",\"uri\":\"\"},{\"type\":\"photo\",\"uri\":\"https://inews.gtimg.com/newsapp_bt/0/9709308448/641\"},{\"type\":\"photo\",\"uri\":\"\"},{\"type\":\"photo\",\"uri\":\"https://inews.gtimg.com/newsapp_bt/0/9709308448/641\"},{\"type\":\"photo\",\"uri\":\"\"},{\"type\":\"photo\",\"uri\":\"https://inews.gtimg.com/newsapp_bt/0/9709308448/641\"}]');
INSERT INTO `main` VALUES (27, 113, 'ESPN：费德勒提议ATP和WTA合并获广泛支持 疫情带来改革动力', '1587620820', '网球', '[{\"type\":\"word\",\"text\":\"撰文/Peter Bodo（皮特-波多，ESPN专栏作家）\\n\\n编译/李田友（腾讯体育特约撰稿人）\\n\\n“我只是有点想知道……我是唯一一位觉得现在是男子网球和女子网球应该合并在一起的人吗？”\\n\\n这看上去是一个完全无害的言论，无论是对于一位球员，还是一直关注这项运动的球迷来说都是如此。\\n\\n这无疑是一个好主意，之前已经被提出过很多次，多得让人数都数不过来。但由于这一次提出这个观点的球员是罗杰-费德勒，而且这一言论是在新冠病毒大流行期间通过推特发表的，因此这一言论立即获得了广泛关注，很多人都表示了对这位瑞士天王的支持。\\n\\n目前世界排名第二的女子选手哈勒普在推特上表示：“是的，你不是唯一一个。”\\n\\n网坛传奇金夫人在推特上也表示：“我同意（关于合并的必要性），从20世纪70年代初就一直这么说。女子网球和男子网球合并在一起，一直是我对网球的憧憬。单独成立WTA一直是B计划。”\\n\\n纳达尔也表示：“罗杰（费德勒），正如你所知道的，根据我们的讨论，我完全同意你的观点，男子网球和女子网球能够一起走出这场世界危机将是非常好的事情。”\\n\\n显然，新冠病毒大流行导致的社交距离，以及经济活动的暂停，已经导致人们沉下心来用新的眼光看待各自的职业。\\n\\n曾在2014年至2019年期间担任ATP执行主席的克里斯-科莫德（Chris Kermode）在接受ESPN采访时表示：“当事情进展顺利时，没有人愿意放弃任何生意，没有人专注于变革。但是当危机发生时，人们往往会关注不同的想法和潜在的变化。”\\n\\n目前网球运动面临的危机显而易见：职业网球在印第安维尔斯赛开赛前陷入停滞，如今温网也宣布取消，这意味着至少在7月13日才有ATP或WTA比赛。禁赛对网坛经济的影响是深远的，特别是对于那些排名前200名之外的球员。\\n\\n近几个月来，甚至在新冠病毒大流行引发经济危机之前，ATP和WTA的管理者们就对合并ATP和WTA产生了新的兴趣。在今年1月的澳大利亚网球公开赛上，WTA主席米奇-劳勒会见了科莫德的继任者安德里亚-高登齐以及澳大利亚网球官员，讨论如何在巡回赛之间建立更紧密的工作关系。\\n\\n这会会谈的首要内容是：为ATP杯创建一个相似的女子项目——WTA杯，尽可能多地体现男子网球和女子网球的共性。\\n\\n劳勒当时在一封电子邮件中写道：“我们正在讨论2022年推出的WTA杯，它正在筹备中。”\\n\\nATP球员委员会代表波斯皮西尔曾直言不讳地批评网球比赛的奖金结构，他在回复费德勒时写道：“嗨，费德勒和纳达尔。这是一个好主意。自一月份向我们提出这一设想以来，ATP一直在努力解决这一问题。”\\n\\n将ATP和WTA合并的主要障碍是，ATP不愿将自己的资源投入到WTA。而且在传统上，很多ATP选手对合并的想法并不感冒。澳洲选手克耶高斯就表示：“我不知道他们有没有问过大多数ATP球员的想法，以及这对我们有什么好处？”\\n\\n合并计划的另一个障碍是网球运动目前的管理结构。这项运动有四个不同的管理机构和七个组织参与其中。分别是：ATP、WTA、ITF（国际网球联合会）和大满贯理事会（代表四个大满贯赛事的组织）。\\n\\n科莫德表示：“如果合并对双方都有利的话，这将成为现实。但是如果两个组织的发展并不平衡，一个组织发展得并另一个更好，那么合并就会有些困难。总而言之，双方都必须有合并的动力。”\\n\\n费德勒随后表示，他的主张是合并ATP和WTA：“当有不同的排名系统、不同的标志、不同的网站、不同的比赛级别时，球迷们会感到很困惑。”\\n\\n分析人士表示，一个更紧密的伙伴关系可能为更多的男女联合赛事打开大门，比如印第安维尔斯赛那样的大赛。但这可能会变得棘手，因为这可能意味着两个组织都将减少50%的工作岗位。而赞助协议、转播合同和奖金分配也将带来更严峻的挑战。因此一个合并的组织肯定不会在短期内出现。\\n\\n当前的危机，可能会给巡回赛带来更大的动力，推动巡回赛向前发展。目前巡回赛正在制定一个数百万美元的救助计划，该计划旨在为两个组织排名较低的球员提供资金支持。当比赛完全恢复正常时，很难说清楚网坛会是什么样子。\\n\\n目前ATP和WTA主要负责各自的巡回赛，ITF是全球网球运动的管理机构，而大满贯理事会代表四个大满贯赛事，如果男子网球和女子网球真的能建立一个统一组织，那么类似法网单方面延期比赛的情况就不会发生。\\n\\nESPN评论员吉尔伯特（Brad Gilbert）对此表示：“每个人都对法网的延期感到不安，但过了一段时间我在想——‘这对他们来说很好’。我希望几个月后，我们会有一个疯狂拥挤的日程，也许我们可以在网球史上最棒的三个月里结束这个赛季。”\"},{\"type\":\"photo\",\"uri\":\"https://inews.gtimg.com/newsapp_bt/0/11634461388/641\"}]');
INSERT INTO `main` VALUES (30, 114, '丹尼-格林：考辛斯也应该获得冠军戒指 他一整年都在球队恢复训练', '1604954280', '篮球', '[{\"type\":\"word\",\"text\":\"尽管德马库斯-考辛斯加盟洛杉矶湖人后并没有为球队出战一场比赛，而且后面还因为伤病被球队裁掉，不过湖人球员丹尼-格林还是认为，考辛斯也应该获得一枚总冠军戒指。\\n\\n19年7月7日，考辛斯宣布以一年350万美元加盟湖人，但是却在赛季还没开始之前再次遭遇重伤，赛季报销，而湖人为了提升阵容实力，在2月22日选择裁掉考辛斯，并腾出位置签下和活塞买断合同的马基夫-莫里斯。\\n\\n而这此之前考辛斯一直随队训练，主帅沃格尔甚至还原本指望考辛斯可以在季后赛中复出，而随队获得总冠军的丹尼-格林就认为，考辛斯也应该获得一枚总冠军戒指。\\n\\n“德马库斯-考辛斯在养伤期间一直和球队在一起，也就是最后没有和我们一起去复赛园区打复赛，”丹尼-格林说道，“包括丹尼尔斯这一年大多数时间也是和球队在一起，随后去了丹佛后表现也很不错，这几个大多数时间是在阵容之中，所以我认为他们理应有一个获得总冠军戒指的机会，毕竟他们也曾经是球队的一部分。”\\n\\n目前湖人还是非常有兴趣和考辛斯完成续签，至于湖人会不会接受格林的“建议”，给考辛斯颁发一枚冠军戒指，则要等待时间来验证了。\"},{\"type\":\"photo\",\"uri\":\"https://inews.gtimg.com/newsapp_bt/0/12750233434/1000\"}]');
INSERT INTO `main` VALUES (31, 114, '哈登五月以后首次更新推特：别拿我和别人做比较', '1604959200', '篮球', '[{\"type\":\"word\",\"text\":\"深陷交易传闻的休斯顿火箭球星詹姆斯-哈登打破了自己在社交媒体上足足半年的沉寂，发表了自己一张在训练馆开练的照片，表示已经为新赛季开始做准备。\\n\\n詹姆斯-哈登自五月以来还从来没有更新过自己的推特，近日有传闻东部有球队想要得到哈登，而哈登在今日时隔六个月后再次更新推特，表明了自己的立场。\\n\\n“我为自己代言，我走我的路，是我成就了自己，别拿我和别人作比较，我就是这样一个现实主义者，开练。”哈登发了一张训练图并配文道。\\n\\n随着休赛期火箭队总经理和主教练都发生了改变，球队新赛季的前景也变得扑朔迷离，此前有报道东部已经有球队对交易哈登有兴趣，不过新上任的火箭主帅赛拉斯表示依然会以哈登和韦少为进攻核心打造球队，球队新赛季不会走重建之路。\\n\\n上赛季哈登常规赛出战68场，场均得到34.3分，6.6个篮板7.5次助攻，季后赛出战12场，场均得到29.6分5.6个篮板7.7次助攻。\"},{\"type\":\"photo\",\"uri\":\"https://inews.gtimg.com/newsapp_bt/0/12750312567/1000\"}]');
INSERT INTO `main` VALUES (32, 115, '名记称火箭已到缴奢侈税补强阵容时刻 理由：让哈登高兴', '1604969760', '篮球', '[{\"type\":\"word\",\"text\":\"北京时间11月10日，据《今日美国》报道，ESPN名记布莱恩-温德霍斯特表示，今年休赛期是火箭不惜缴纳奢侈税来补强阵容的时候，因为他们必须让詹姆斯-哈登高兴。\\n\\n火箭新任总经理拉斐尔-斯通最近的言论非常明确地表明了两件事情：他们计划在今年休赛期使用中产特例，他们计划在下赛季缴纳奢侈税。自从蒂尔曼-费尔蒂塔在2017年10月买下火箭以来，他们从来没有缴纳过奢侈税。\\n\\n但是出于几个原因，今年似乎有所不同。在ESPN的《The Jump》节目中，温德霍斯特提出了一个更重要的原因：让哈登高兴。\\n\\n“我认为斯通这次访谈的有趣之处在于，他非常清楚要缴纳奢侈税了，他要使用中产特例从而进入缴纳奢侈税的行列。”温德霍斯特说，“这是一个重要的信息，不仅仅对火箭球迷，也是对哈登的重要信息。因为哈登经历了很多变化，坦白地说，在过去的几年里，并不是所有的变化都是那么积极的。毫无疑问，火箭有一套很好的阵容，但是他们的阵容也很薄弱。他们需要更多的支持，但是他们离奢侈税太近了。”\\n\\n温德霍斯特继续说：“在过去的两年里，他们通过选秀来降低薪金总额。我愿意相信费尔蒂塔和斯通，他们会花更多的钱来补强阵容。但是我会拭目以待，我可能不是唯一一个想看结果的人。他们拥有最难得到的东西，那就是特权球员、超级巨星。他正值壮年，他没有理由不继续前进。让我们拭目以待吧。”\\n\\n温德霍斯特的意思很明确，那就是31岁的哈登仍然在寻找自己的第一个总冠军，他与火箭的合同还剩有三年，但是可以在2022年夏天选择跳出合同成为自由球员。反过来，这使得2020-21赛季非常关键，因为如果火箭没能在2021年休赛期前成为一个真正的总冠军竞争者，没有给哈登留下一个长期留队的明确理由，那么火箭可能不得不开始考虑交易哈登，而不是冒险让他在2022年休赛期以自由球员的身份离开。\\n\\n另一方面，如果火箭通过使用中产特例签约自由球员来积极提升阵容，或许还会探索交易，那么他们可能会在上赛季排名西部第四的基础上再接再厉，给哈登一个更具说服力的理由来相信球队的长期规划。\\n\\n当自由球员市场大门在11月21日开启的时候，很多球迷都希望看到费尔蒂塔和斯通能够更加积极地花钱。如果哈登——联盟中唯一在过去四个赛季都入选最佳阵容第一阵容并入围MVP候选人的球员——也在密切关注，那并不会让人感到惊讶。\"},{\"type\":\"photo\",\"uri\":\"https://inews.gtimg.com/newsapp_bt/0/12750650332/1000\"}]');
INSERT INTO `main` VALUES (33, 116, '字母哥可效仿乔治与雄鹿续约 想走就申请', '1604969340', '篮球', '[{\"type\":\"word\",\"text\":\"北京时间11月10日，ESPN名记布莱恩-文霍斯特在The Jump节目中表示，扬尼斯-阿德托昆博可以效仿保罗-乔治的做法与雄鹿续约，如果想走就申请交易，这样还能多拿点钱。\\n\\n2018年夏天，乔治和雷霆签下一份4年1.37亿美元的大合同，不过他在大约一年后就转投快船。文霍斯特此前透露，在乔治和雷霆签约时，他获得了可以通过交易离开雷霆的权利。\\n\\n文霍斯特说道：“就我所知，基本上雷霆告诉他，‘保罗（乔治），和我们续约吧，如果你想要离开的话，过来告诉我们一声，我们会和你一起合作，帮你搞定的。’”虽然目前没有其他消息源证明文霍斯特的话是对的，但乔治确实在一年后就离开雷霆了。\\n\\n如果字母哥选择留下雄鹿，他们可以签下一份5年价值大约2.216亿美元的合同，年薪4430万美元。如果他选择离开，他能够和其他球队签订一份4年1.408亿美元的合同，年薪约3520万美元。也就是说留下来的话，他每年大约能多赚900万美元。\\n\\n谈到字母哥当前的情况，文霍斯特表示：“对于球队管理层来说，这滋味可不好受。但是同时，如果扬尼斯与雄鹿提前续约，他就没有选择权了，看起来这样对雄鹿是最有益的。那么是否有折中的方法呢？是有还有商谈的余地呢？这是有可能的。\\n\\n“看看保罗-乔治和雷霆几年前的例子吧，它并未被公开。当时雷霆担心保罗-乔治离开，所以他们就说，‘为什么你不签下一份提前签订一份长约？你会和我们在一块。不管出于什么原因，你觉得自己不想再待在这儿了，我们会私下安静地交易走你。’一年后，果然发生了这样的事情。雷霆干净、安静地处理了那笔交易，双方都从中受益。\\n\\n“现在没人能够预测未来，但是扬尼斯-阿德托昆博那两份合同的价值相差8200万美元。那么雄鹿和扬尼斯能否达成秘密协议呢？这样他需要在雄鹿至少待两年，因为在你签下超级顶薪后的一年，你是无法被交易的。\\n\\n“你将效忠于球队，拿到你该拿的钱，没有什么压力，但同时你并不会完全放弃自己的选择权。我相信他们需要讨论一下这个方法。他们现在剩下的时间不多了，提前续约的终止时间是新赛季开赛前。”\"},{\"type\":\"photo\",\"uri\":\"https://inews.gtimg.com/newsapp_bt/0/12750633923/1000\"}]');
INSERT INTO `main` VALUES (34, 117, 'ESPN专家：仍有明星球员反对12月份开赛 詹姆斯态度已经转变', '1604971140', '篮球', '[{\"type\":\"word\",\"text\":\"NBA联盟和美国篮球运动员工会已经初步达成一致意见，下个赛季将于今年12月23日开赛，各家球队将于12月2日开启训练营。对于新赛季何时开赛问题，最初大家意见很不统一，湖人队当家球星勒布朗-詹姆斯也一度反对12月份开赛。不过，ESPN专家Brian Windhorst透露，詹姆斯现在的态度已经有所转变，不再反对新赛季12月份开赛，但是仍然有一些明星球员反对12月份开赛。\\n\\n此前，湖人前锋丹尼-格林参加一档播客节目谈到12月23日的新赛季开始日期时表示：“勒布朗在他的17个赛季里10次打入总决赛，这让人难以置信。精神上，那么做很磨人。而那么快重新开赛……我预计不会看到他。我不会预期在大概头一个月看到他。他可能会和我们一起训练，出场打一些时间，但此时此刻，我不认为球员们希望出现，或者很情愿地现身。”\\n\\n后来，詹姆斯在参加一个电视节目时甚至与美国前总统奥巴马开玩笑称，他可能会在新赛季的前半程选择性地打一些比赛，有些比赛会选择轮休，把扛起球队前进的主要工作都交给安东尼-戴维斯去做。\\n\\n无论是格林透露的消息还是詹姆斯所说的话都传递出一个信号，那就是詹姆斯本人对新赛季于12月份开赛并不是那么兴奋。和詹姆斯私交很不错的ESPN专家Brian Windhorst今天在ESPN的SportsCenter节目中透露，至少詹姆斯现在的态度已经有所转变，他现在已经认识到新赛季于12月份开打的必要性。\\n\\n“这既是好消息也是坏消息。我觉得，我们作为球迷，所有人都应该感到高兴，因为球员们已经同意新赛季于圣诞节开打。”Brian Windhorst说道，“你们可以看到，很多球员在社交媒体上对这一消息感到兴奋并为此庆祝。但是，实际上只有半数球员真正赞成新赛季于12月份开打，他们当中有些人是不同意财政方面的安排，这并不是什么大问题，他们有可能后面会再度展开谈判，完成这项任务。”\\n\\n“目前，仍然有一些球员反对财政分配计划，觉得这并不是一个足够好的方案，所以他们也反对新赛季于12月份开打。勒布朗-詹姆斯并不在这些球员行列。”Brian Windhorst继续说道，“据我所了解的情况，勒布朗在这个问题上的态度已经有所转变，他将会支持新赛季于12月份开打，因为他知道这对于NBA生意来说很重要。但是，仍然有一些家伙想要在财政问题上更多折腾一番。”\"},{\"type\":\"photo\",\"uri\":\"https://inews.gtimg.com/newsapp_bt/0/12750739927/1000\"}]');
INSERT INTO `main` VALUES (35, 118, '丛明晨10记三分辽宁35分大胜广州 郭艾伦迎得分里程碑', '1604930100', '篮球', '[{\"type\":\"word\",\"text\":\"北京时间11月9日，CBA第10轮辽宁与广州展开焦点对决，郭士强首次率队面对老东家。辽宁前两节均将广州限制到单节仅得到13分，并在下半场继续压制广州不断拉开比分，最终辽宁以117-82轻取广州斩获赛季第9胜，郭艾伦本场总分超越孟达迎来里程碑，而丛明晨狂轰10记三分，这也追平了现役球员单场三分纪录。\\n\\n数据统计\\n\\n辽宁：梅奥21分10篮板4助攻，郭艾伦13分8助攻，韩德君13分8篮板，丛明晨10记三分得到33分，赵继伟17分6助攻，张镇麟2分，吴昌泽5分。\\n\\n广州：摩尔24分，斯贝茨7分8篮板，哈斯4分，祝铭震7中0得到2分，陈盈骏10分。\\n\\n本场最佳：丛明晨10记三分\\n\\n丛明晨疯狂打进10记三分，斩获全场最高的33分，用神勇表现率队大胜广州。10记三分也追平了由吴前、原帅和陈林坚保持的单场三分纪录。\\n\\n本场焦点\\n\\n交锋历史\\n\\n两队过往历史有48次交锋，辽宁以32胜16负处于上风。伴随本场辽宁击败广州，双方交锋战绩改写为辽宁33胜16负。\\n\\n郭士强首次率广州对决老东家\\n\\n郭士强是执教辽宁多年的功勋主帅，还曾经率队夺得队史首座CBA总冠军，但上赛季复赛阶段初期无奈下课。如今郭士强转投广州开启全新执教旅程，本场是郭士强首次率广州对阵老东家，而郭艾伦带领辽宁球员在赛前与郭士强一一握手问好。\\n\\n郭艾伦总分超孟达迎里程碑\\n\\n郭艾伦CBA生涯总得分提升到6534分，超越孟达的6527分，升至CBA历史第23位。\\n\\n比赛回顾\\n\\n首节广州在前5分钟疯狂打铁一分未得，全队合计9投0中还送出4次失误，辽宁进攻效率也不高，但郭艾伦连续两次突击内线打进，刘志轩也反击得手，外加韩德君两罚一中取得7-0领先。陈盈骏急停跳投打进广州首球，斯贝茨与祝铭震也继续追分，广州一波6-0攻势迫近比分。韩德君与赵继伟各得2分，陈盈骏干拔三分，赵继伟两罚全中，哈斯与陈盈骏连续造犯规均两罚全中扳平比分，赵继伟已经3犯被换下场。梅奥三分，朱荣振大帽哈斯，郑准也大帽郭艾伦，丛明晨压哨三分，首节辽宁以19-13领先广州。两队首节效率均不高，辽宁23中6，三分仅10中2，广州则是仅19中3，三分7中1。\\n\\n次节开局司坤造犯规两罚不中，杨鸣抱怨吃T后，司坤继续罚球命中，韩德君强吃斯贝茨得手，孙鸣阳回敬2分，梅奥与斯贝茨对攻一记三分。郭艾伦连攻带传引领辽宁内外开花，郭艾伦连续3次助攻连线丛明晨、张镇麟与韩德君砍分，辽宁一波11-0攻势取得35-19领先。郑准三分止血，郭艾伦立即回敬三分，韩德君吃饼，梅奥也打进三分取得43-22领先。哈斯空篮打进，梅奥干拔2分，摩尔两罚全中，辽宁单节以26-13净胜13分，上半场结束辽宁已经以45-26领先广州19分。\\n\\n易边再战，广州本节派出双外援作战，摩尔率先打进三分，刘志轩压哨2分，郭艾伦拉人犯规后抱怨吃T，送郑准罚中一球。斯贝茨与摩尔继续追分，梅奥三分与郭艾伦急停打进，摩尔两罚全中，韩德君吃饼暴扣，摩尔继续三分追分。辽宁连杀内线打出6-2攻势，摩尔强打2+1，刘志轩与司坤对攻三分，梅奥干拔三分，刘志轩两罚全中扩大21分优势。赵继伟连续打进两记三分，广州不断杀禁区造犯规罚球取分，丛明晨也打进三分取得24分优势。哈斯再得2分，赵继伟两罚全中，前三节结束辽宁以79-56领先广州。\\n\\n辽宁带着23分优势进入末节，辽宁率先打出一波8-2攻势逼停广州，其中丛明晨连续打进两记三分。重回比赛，赵继伟也打进三分扩大32分优势，孙鸣阳强打2+1，张镇麟与吴昌泽携手打出7-0攻势，辽宁已经以97-61领先36分巨大优势逼停广州。由于双方之间比分相差悬殊，比赛已经提前进入垃圾时间失去悬念，双方随后逐步撤下主力球员，最终辽宁轻取广州取得赛季第9胜。\\n\\n双方首发\\n\\n辽宁：郭艾伦、梅奥、刘志轩、吴昌泽、韩德君\\n\\n广州：祝铭震、摩尔、陈盈骏、郑准、孙鸣阳\\n\\n下轮对阵\\n\\n11月11日15点30：广州VS北控\\n\\n11月11日20点00：辽宁VS吉林\"},{\"type\":\"photo\",\"uri\":\"https://inews.gtimg.com/newsapp_bt/0/12749496218/1000\"},{\"type\":\"photo\",\"uri\":\"https://inews.gtimg.com/newsapp_bt/0/12749496222/1000\"},{\"type\":\"photo\",\"uri\":\"https://inews.gtimg.com/newsapp_bt/0/12749496220/1000\"},{\"type\":\"photo\",\"uri\":\"https://inews.gtimg.com/newsapp_bt/0/12749496217/1000\"},{\"type\":\"photo\",\"uri\":\"https://inews.gtimg.com/newsapp_bt/0/12749496265/1000\"}]');
INSERT INTO `main` VALUES (36, 119, '3连胜＋6场不败，或许穆帅已经找到属于他的完美中场线！', '1604975160', '足球', '[{\"type\":\"word\",\"text\":\"自从去年秋天上任以来，穆帅经常对人员进行调整，以寻找最佳方案来释放球队的真正潜力。即使在这个赛季，穆里尼奥也一直在调整阵容，试图找到中场问题的答案。如今，穆里尼奥在英超连续4场使用相同的中场组合，这令人不仅陷入遐想......\\n\\n在首个比赛日做客埃弗顿的比赛中，安切洛蒂的太妃糖轻松战胜了笨重而无精打采的热刺。热刺的温克斯、霍伊别尔和阿里的中场线表现让人大失所望。这一套中场阵容在对阵纽卡和南安普顿的比赛中都表现平平，刺迷们赛季伊始便开始担心起球队的稳定性。\\n\\n在第四轮联赛面对曼联时，穆里尼奥做出改变，让西索科、霍伊别尔和恩东贝莱一起首发，最终热刺以6比1大胜红魔。本赛季首度登场的恩东贝莱打进了他新赛季的处子球，而霍伊别尔则是自2019年12月以来奉献个人英超首次助攻。\\n\\n穆里尼奥的球队成为了第2支在老特拉福德打进6球的球队，同时他们也让曼联品尝到了征战英超以来的最大败果。自此之后，穆里尼奥一直忠于他的这套中场组合，也使得北伦敦球队在积分榜上的排名一度杀入前四。\\n\\n接下来对西汉姆的比赛，热刺迅速在16分钟内取得3-0领先，完全掌控了德比大战的主动权。然而当穆帅在第73分钟换下恩东贝莱之后，莫耶斯的球队便开始反扑，最终实现了历史性的扳平。此后在对布莱顿的比赛中，穆帅肯定了恩东贝莱在中场的决定性作用，直到第80分钟才将其替换下场，最终以2-1的比分带走胜利。\\n\\n穆帅让霍伊别尔稳定了中场，保护了后防线，而步伐灵活的西索科以及恩东贝莱则能够向前场不断施压。在过去的4场比赛中，恩东贝莱在对手禁区内的平均触球次数（3.16）和射门次数（1.26）都超过以往的表现，着实让人大吃一惊。\\n\\n穆里尼奥最近形容恩东贝莱已经“脱胎换骨”，他在热刺1-0小胜伯恩利的比赛中，也特别表扬了这名中场球员。恩东贝莱俨然已经成为穆里尼奥如今胜利的关键人物，并向球迷证明了他的高昂身价是合理的。\\n\\n在最近4场联赛中，热刺平均每90分钟的机会（10.25）比穆里尼奥以往执教球队的29场比赛（8.72）更多，场均射门（12.75比11.55），传球（541.25比480.52），触球（722比678.31），抢断（18.75比17.21），拦截（10.25比10.1）和控球（4.75比4）各项数据都有显著提升。此外，热刺在最近3场英超联赛中都取得了胜利，或许穆帅终于在热刺找到了属于他的关键中场三人组。\"},{\"type\":\"photo\",\"uri\":\"https://inews.gtimg.com/newsapp_bt/0/12751015867/1000\"},{\"type\":\"photo\",\"uri\":\"https://inews.gtimg.com/newsapp_bt/0/12751020879/1000\"},{\"type\":\"photo\",\"uri\":\"https://inews.gtimg.com/newsapp_bt/0/12751022283/1000\"}]');
INSERT INTO `main` VALUES (37, 120, '恒大“七外援”最强阵容来了！记者：亚冠报名4外援＋3归化', '1604970600', '足球', '[{\"type\":\"word\",\"text\":\"据恒大跟队记者成金朝消息，广州恒大队已经提交亚冠大名单，其中包括3名归化球员（费南多、艾克森，洛国富）和4名外援（保利尼奥、塔利斯卡、蒋光太，朴志洙）。\\n\\n据了解，归化球员艾克森、费南多和洛国富已经全部获得代表国足出战的资格，所以在亚冠赛场，三人可以以内援的身份出战。\\n\\n恒大队内的另外一名入籍球员蒋光太刚刚完成国际足联的会籍转换，据恒大跟队记者成金朝消息，由于在第一次亚冠报名之时国际足联的转换协会证明还没确认，因此他这次将以外援身份出战亚冠。\\n\\n由于疫情原因，今年的亚冠联赛一拖再拖。最终，东亚区赛事也放在了多哈以赛会制进行，恒大将会在11月19日迎来首战。而足协杯则在11月25日开打，所以进入了足协杯的恒大就需要在亚冠以及足协杯中做出取舍。恒大亚冠的第一次球员报名在10月中已经递交，而11月9日是名单调整的最终时间。\"},{\"type\":\"photo\",\"uri\":\"https://inews.gtimg.com/newsapp_bt/0/12750704772/1000\"}]');
INSERT INTO `main` VALUES (38, 121, '中超告别战！曝2大高薪外援将走人，每天收入合计80万，都不想续约', '1604974020', '足球', '[{\"type\":\"word\",\"text\":\"接下来3天之内，本赛季中超将进行最后一轮，其中部分外援会迎来中超告别战，包括了胡尔克、佩莱、巴索戈等人，再过一个多月，不出意外这些外援都自由身离开。作为中超两大高薪外援，佩莱和胡尔克都不想续约，因为新合同待遇太低了，接受不了。\\n\\n今日，据PP体育的报道，不少外援的合同在今年年底到期，意味着最后一轮是他们在中超的告别战，包括了鲁能的佩莱、上港的胡尔克、建业的巴索戈、富力的托西奇、泰达的乔纳森和巴斯蒂安斯等等。\\n\\n其中胡尔克和佩莱，无疑是中超的大牌球星，前者是昔日巴西队的国脚，而后者是昔日意大利队的国脚，两人都是在2016年夏季来到中超踢球，最主要的原因还是赚取的收入很高。\\n\\n其中胡尔克在上海上港的年薪高达2200万欧元（约合人民币1.7亿元），折射日薪的话，每天收入就是47万元人民币，排名中超第二，仅次于他的巴西老乡奥斯卡。\\n\\n比起前几个赛季，现在的胡尔克场上抱怨队友和裁判，次数是越来越大，与此同时大多数比赛成为拖慢球队进攻节奏的因素。\\n\\n比起胡尔克，佩莱在山东鲁能的年薪低一些，意大利媒体爆料过年薪1500万欧元（约合人民币1.2亿元左右），折算每天的收入为33万元人民币，是当今意大利足坛年薪最高的球员。\\n\\n同样，佩莱本赛季状态下降十分明显，上赛季中超打进17球，而本赛季中超却打进8球，5-6名排位赛首回合面对重庆当代，佩莱一分钟都没有出场，鲁能已经在坚持地面进攻，格德斯得到重用，佩莱变得可有可无。\\n\\n据德转的信息显示，胡尔克和佩莱跟各自球队的合同在今年12月底到期，为何迟迟没有续约呢？因为本赛季中超开始实行限薪令，各队外援的顶薪，不能超过税后300万欧元，对于拿2200万欧元年薪的胡尔克，以及拿1500万欧元年薪的佩莱来说，自然很难接受，不想续约之后，即将自由身走人。\"},{\"type\":\"photo\",\"uri\":\"https://inews.gtimg.com/newsapp_bt/0/12750933874/1000\"},{\"type\":\"photo\",\"uri\":\"https://inews.gtimg.com/newsapp_bt/0/12750933880/1000\"},{\"type\":\"photo\",\"uri\":\"https://inews.gtimg.com/newsapp_match/0/12750933915/0\"},{\"type\":\"photo\",\"uri\":\"https://inews.gtimg.com/newsapp_bt/0/12750933872/1000\"},{\"type\":\"photo\",\"uri\":\"https://inews.gtimg.com/newsapp_bt/0/12750933878/1000\"}]');
INSERT INTO `main` VALUES (39, 122, '中超赛季收官轮今日拉开帷幕，这些比赛值得看！', '1604980620', '足球', '[{\"type\":\"word\",\"text\":\"中新网客户端11月10日电 2020赛季中超联赛已经进入尾声阶段。10日下午，一同开赛的5场对决将拉开中超末轮帷幕。\\n\\n中超末轮赛程。图片来源：中超联赛\\n\\n末轮比赛中，天津泰达、河南建业两支第一阶段的榜尾球队将展开9、10名排位赛，首回合中双方0:0战平，本场的胜者即可拿下赛季第9。\\n\\n其余三场比赛没有太大悬念，首回合中三球完胜的大连人将对阵广州富力，进行11、12名排位赛。首回合2:0取胜的深足对阵青岛黄海，进行13、14名排位赛。争冠组7、8名排位赛中，上海申花对阵河北华夏幸福，首回合比赛中前者4:1取胜。\\n\\n5、6名排位赛相对具有看点，山东鲁能将对阵重庆当代。首回合比赛中，鲁能在3球领先的情况下惨遭重庆逆转。\\n\\n11日15:30，石家庄永昌将与武汉卓尔展开保级大战，负者直接降级，胜者将与中甲球队浙江绿城展开升降级附加赛。19:35，北京国安将与上海上港展开3、4名之争，胜者获得亚冠资格。首回合比赛中，国安2:1上港占得先机。\\n\\n最重磅的争冠大战将在12日晚上演，19：35，广州恒大将对阵江苏苏宁，双方首回合0:0闷平，此役胜者即可荣膺本赛季中超冠军。(完)\"},{\"type\":\"photo\",\"uri\":\"https://inews.gtimg.com/newsapp_match/0/12751464261/0\"}]');
INSERT INTO `main` VALUES (40, 123, '韩足协：金玟哉朴志洙不参加本期国家队集训', '1604976000', '足球', '[{\"type\":\"word\",\"text\":\"金玟哉不参加本期韩国国家队集训。资料图/国安俱乐部\\n\\n新京报讯 韩国足协官方今日宣布，金玟哉和朴志洙两名后卫不会参加本期国家队集训。两人分别所在的北京中赫国安和广州恒大本赛季征程仍未结束，两队将在下周出战亚冠东亚区赛事，而韩国国家队将在11月14日和17日在奥地利进行两场热身赛。\\n\\n编辑 韩双明\"},{\"type\":\"photo\",\"uri\":\"https://inews.gtimg.com/newsapp_bt/0/12388392979/1000\"}]');
INSERT INTO `main` VALUES (42, 113, '湖人用底薪签场均12+10冠军悍将？难！他还想要千万年薪', '1604937600', '篮球', '[{\"type\":\"word\",\"text\":\"近日有报道称特里斯坦-汤普森进入湖人引援心仪名单，跟踪报道骑士的记者克里斯-费多尔透露，汤普森还在与骑士商讨续约，汤普森不希望新合同年薪较上赛季的薪水低太多，而专家指出汤普森目前的身价恐怕只是底薪水平。\\n\\n汤普森上赛季场均为骑士贡献12分10.1篮板，他的合同到期，骑士愿意留下汤普森，但前提是价钱合适。据悉，到目前为止，双方的分歧集中在骑士给出的报价低于汤普森的预期值。汤普森上赛季的工资是1850万美元，他不希望新合同的年薪下降太多，也就是仍维持千万级别，但市场现状与他的期待有很大的距离。\\n\\nThe Athletic的数据专家约翰-霍林格与ESPN的资深记者布莱恩-温德霍斯特都指出，汤普森在自由球员市场的价值可能就是底薪水平，骑士也许会给的更多一些，但恐怕难以达到汤普森要求的价位。汤普森需要做出决定，是继续留在骑士多赚钱，还是少拿钱去一支争冠队伍，他必须要明白，处于冠军争夺者行列的球队，不太可能给他开出大合同的。\\n\\n如果汤普森不与骑士续约，骑士可能会拆分中产特例去签一位中锋填补空缺，哈里-贾尔斯、阿隆-贝恩斯、索恩-梅克和诺伦斯-诺埃尔将进入骑士引援候选名单。\\n\\n之前有知情人士透露，湖人、快船和猛龙都对汤普森感兴趣。汤普森的特点是身体素质出色，拼抢能力很强，但他的射程有限，虽然上赛季努力开发三分球，但场均0.4次三分出手还不足以说明问题。\\n\\n汤普森曾与詹姆斯在骑士合作4个赛季，在2016年拿到总冠军。汤普森与詹姆斯在配合默契方面没有问题，如果他加入湖人，可以省去很多磨合的时间。另外，汤普森与詹姆斯以及湖人另一位球星安东尼-戴维斯都是里奇-保罗的客户，他们之间的私人关系也很好，有利于更衣室的稳定。\\n\\n现在的问题是如果湖人想抢购汤普森，愿意给出怎样的合同，毕竟相对于快船，湖人内线并不缺人，续签戴维斯从目前来看只是时间问题，麦基的合同还有一年，如果霍华德留下，湖人在大个子方面的优势仍在，他们是否愿意给出接近让汤普森满意的价钱，若是只给底薪或者部分中产，汤普森能接受吗，毕竟他已经有冠军戒指了。\\n\\n\"},{\"type\":\"photo\",\"uri\":\"https://inews.gtimg.com/newsapp_bt/0/12750817382/641\"},{\"type\":\"photo\",\"uri\":\"https://inews.gtimg.com/newsapp_bt/0/12750818319/641\"},{\"type\":\"photo\",\"uri\":\"https://inews.gtimg.com/newsapp_bt/0/12750819300/641\"}]');

-- ----------------------------
-- Table structure for main_all
-- ----------------------------
DROP TABLE IF EXISTS `main_all`;
CREATE TABLE `main_all`  (
  `news_id` int(10) NOT NULL AUTO_INCREMENT,
  `author_id` int(10) DEFAULT NULL,
  `title` text CHARACTER SET utf8 COLLATE utf8_bin,
  `detail` text CHARACTER SET utf8 COLLATE utf8_bin,
  `photo_uri` text CHARACTER SET utf8 COLLATE utf8_bin,
  `post_time` text CHARACTER SET utf8 COLLATE utf8_bin,
  `type` varchar(10) CHARACTER SET utf8 COLLATE utf8_bin DEFAULT NULL,
  `content` text CHARACTER SET utf8 COLLATE utf8_bin,
  PRIMARY KEY (`news_id`) USING BTREE
) ENGINE = InnoDB AUTO_INCREMENT = 43 CHARACTER SET = utf8 COLLATE = utf8_bin ROW_FORMAT = Dynamic;

-- ----------------------------
-- Records of main_all
-- ----------------------------
INSERT INTO `main_all` VALUES (1, 100, '杜锋:我刚打球时哪有时间上场 现在年轻人很幸福', '121比90，广东东莞大益队游刃有余地击败了四川队，豪取CBA常规赛8连胜。这场比赛，四川队外援哈达迪没有出战，而广东队也只有两节派上外援，同时使用了很多年轻球员，双方都把这场比赛当做练兵之战。\n在比赛结束后，杜锋连续第二次把赵锦洋这名第一年打职业联赛的“新兵”带到赛后新闻发布会现场。\n“又带赵锦洋来开新闻发布会，他这场比赛拿了19分。”杜锋笑着说：“现在的年轻人很幸福，我刚打球的时候，根本没有时间来锻炼和比赛。现在给年轻球员们那么多时间打球，我希望他们明白，是主力队员、老队员拼出时间给他们上场锻炼的，希望他们珍惜这样的上场机会。上一场他有7次失误，这场好一点，有6次。”杜锋看着技术统计勉励赵锦洋：“希望你的失误数字，每一场都比上一场减少一些。”', 'https://nimg.ws.126.net/?url=http%3A%2F%2Fcms-bucket.ws.126.net%2F2020%2F1108%2Fb69ced03j00qjgv56003sc000iz00sgc.jpg&thumbnail=660x2147483647&quality=80&type=jpg', '1604764800', '篮球', '[{\"type\":\"word\",\"text\":\"121比90，广东东莞大益队游刃有余地击败了四川队，豪取CBA常规赛8连胜。这场比赛，四川队外援哈达迪没有出战，而广东队也只有两节派上外援，同时使用了很多年轻球员，双方都把这场比赛当做练兵之战。\\n在比赛结束后，杜锋连续第二次把赵锦洋这名第一年打职业联赛的“新兵”带到赛后新闻发布会现场。\\n“又带赵锦洋来开新闻发布会，他这场比赛拿了19分。”杜锋笑着说：“现在的年轻人很幸福，我刚打球的时候，根本没有时间来锻炼和比赛。现在给年轻球员们那么多时间打球，我希望他们明白，是主力队员、老队员拼出时间给他们上场锻炼的，希望他们珍惜这样的上场机会。上一场他有7次失误，这场好一点，有6次。”杜锋看着技术统计勉励赵锦洋：“希望你的失误数字，每一场都比上一场减少一些。”\"},{\"type\":\"photo\",\"uri\":\"https://nimg.ws.126.net/?url=http%3A%2F%2Fcms-bucket.ws.126.net%2F2020%2F1108%2Fb69ced03j00qjgv56003sc000iz00sgc.jpg&thumbnail=660x2147483647&quality=80&type=jpg\"}]');
INSERT INTO `main_all` VALUES (2, 101, '曝亚洲杯预选赛或延期 韩国男篮已宣布放弃比赛', '据知名篮球媒体人宋翔透露，亚洲杯预选赛B组比赛大概率延期进行，因此CBA第二阶段比赛被“提前”到12月1日打响。“消息源，原定于11月27日至30日举行的亚洲杯预选赛第一阶段比赛，将很有可能延期进行。这个小组也是中国男篮所在的分组，对手分别是中国台北、日本与马来西亚队。也正是因此，CBA第二阶段比赛被“提前”到12月1日打响。”北京青年报篮球记者宋翔在微博上说道。\n10月底，FIBA公布男篮亚洲杯预选赛赛程，比赛将在卡塔尔多哈举行。中国男篮被分在B组，同组对手是日本、中国台北和马来西亚，首战在11月27日对阵中国台北。\n因为新冠疫情的原因，韩国男篮在近日宣布放弃参加11月亚洲杯预选赛，韩国队目前处于A组，同组对手有菲律宾，印度尼西亚和泰国队，A组的比赛计划于11月在巴林进行。', 'https://nimg.ws.126.net/?url=http%3A%2F%2Fcms-bucket.ws.126.net%2F2020%2F1109%2Fb542744ej00qji2vm0010c000ic00c9c.jpg&thumbnail=660x2147483647&quality=80&type=jpg', '1604851200', '篮球', '[{\"type\":\"word\",\"text\":\"据知名篮球媒体人宋翔透露，亚洲杯预选赛B组比赛大概率延期进行，因此CBA第二阶段比赛被“提前”到12月1日打响。“消息源，原定于11月27日至30日举行的亚洲杯预选赛第一阶段比赛，将很有可能延期进行。这个小组也是中国男篮所在的分组，对手分别是中国台北、日本与马来西亚队。也正是因此，CBA第二阶段比赛被“提前”到12月1日打响。”北京青年报篮球记者宋翔在微博上说道。\\n10月底，FIBA公布男篮亚洲杯预选赛赛程，比赛将在卡塔尔多哈举行。中国男篮被分在B组，同组对手是日本、中国台北和马来西亚，首战在11月27日对阵中国台北。\\n因为新冠疫情的原因，韩国男篮在近日宣布放弃参加11月亚洲杯预选赛，韩国队目前处于A组，同组对手有菲律宾，印度尼西亚和泰国队，A组的比赛计划于11月在巴林进行。\"},{\"type\":\"photo\",\"uri\":\"https://nimg.ws.126.net/?url=http%3A%2F%2Fcms-bucket.ws.126.net%2F2020%2F1109%2Fb542744ej00qji2vm0010c000ic00c9c.jpg&thumbnail=660x2147483647&quality=80&type=jpg\"}]');
INSERT INTO `main_all` VALUES (3, 101, '张庆鹏:退役仪式非常圆满 我的一切留给中国篮球', '在昨天辽宁对阵山东比赛前，CBA为老将张庆鹏举办了球衣退役仪式。比赛结束后，张庆鹏在个人社交媒体转发了自己的退役仪式视频并发表了自己的退役感言。在昨天的退役仪式中，现场用一部短片回顾了张庆鹏辉煌的职业生涯。中国篮协主席姚明、山东队主教练巩晓彬等嘉宾来到现场，出席了仪式，中国篮协主席姚明还为张庆鹏颁发了CBA纪念版球衣。\n\n昨天晚上，张庆鹏在个人社交媒体转发了自己的退役仪式视频并深情的写道：“再见，再见，今天一切的一切都是圆满，不需要你认可，不需要你表达，我的一切留给中国篮球，留给那些熟悉我的你们，我爱你们。”\n\n张庆鹏出生于1981年，辽宁人，司职后卫位置。张庆鹏职业生涯曾先后效力过辽宁、新疆、北京和山东等球队，2020年9月他正式宣布退役。\n\n张庆鹏退役仪式', 'https://nimg.ws.126.net/?url=http%3A%2F%2Fcms-bucket.ws.126.net%2F2020%2F1107%2Fea5d8365j00qjefcv0074c000sg00izc.jpg&thumbnail=660x2147483647&quality=80&type=jpg', '1604678400', '篮球', '[{\"type\":\"word\",\"text\":\"在昨天辽宁对阵山东比赛前，CBA为老将张庆鹏举办了球衣退役仪式。比赛结束后，张庆鹏在个人社交媒体转发了自己的退役仪式视频并发表了自己的退役感言。在昨天的退役仪式中，现场用一部短片回顾了张庆鹏辉煌的职业生涯。中国篮协主席姚明、山东队主教练巩晓彬等嘉宾来到现场，出席了仪式，中国篮协主席姚明还为张庆鹏颁发了CBA纪念版球衣。\\n\\n昨天晚上，张庆鹏在个人社交媒体转发了自己的退役仪式视频并深情的写道：“再见，再见，今天一切的一切都是圆满，不需要你认可，不需要你表达，我的一切留给中国篮球，留给那些熟悉我的你们，我爱你们。”\\n\\n张庆鹏出生于1981年，辽宁人，司职后卫位置。张庆鹏职业生涯曾先后效力过辽宁、新疆、北京和山东等球队，2020年9月他正式宣布退役。\\n\\n张庆鹏退役仪式\"},{\"type\":\"photo\",\"uri\":\"https://nimg.ws.126.net/?url=http%3A%2F%2Fcms-bucket.ws.126.net%2F2020%2F1107%2Fea5d8365j00qjefcv0074c000sg00izc.jpg&thumbnail=660x2147483647&quality=80&type=jpg\"}]');
INSERT INTO `main_all` VALUES (4, 102, '20分大逆转！浙江险胜深圳夺十连胜 吴前26分', '2020年11月9日，CBA常规赛第10轮继续激战。深圳与浙江展开较量。此役一波三折，首节，浙江领先深圳1分。上半场战罢，深圳反超浙江17分。第三节结束，深圳仍然领先浙江3分。末节，两队比分紧咬，在落后1分的情况下，关键时刻兰兹博格上篮，外加两罚一中，帮助浙江实现逆转。在最多落后20分的情况下，浙江106-104逆转险胜深圳，豪夺10连胜。\n深圳：沈梓捷28分10板4断2帽、卢艺文6分3板2助、容子峰7分2板、布克37分3板8助、顾全11分7板2助2断、贺希宁7分4板3助4断、卢鹏羽8分2板2助。\n浙江：张大宇6分4板、朱旭航5分5板2断2帽、吴前26分6板6助、王奕博8分2助、兰兹博格34分9板7助3断、陆文博10分2板、程帅澎5分3板3断、刘泽一8分4板、拉科塞维奇2分4板。', 'https://n.sinaimg.cn/front20201109ac/580/w690h690/20201109/0fc3-kcunqzc2319889.jpg', '1604851200', '篮球', '[{\"type\":\"word\",\"text\":\"2020年11月9日，CBA常规赛第10轮继续激战。深圳与浙江展开较量。此役一波三折，首节，浙江领先深圳1分。上半场战罢，深圳反超浙江17分。第三节结束，深圳仍然领先浙江3分。末节，两队比分紧咬，在落后1分的情况下，关键时刻兰兹博格上篮，外加两罚一中，帮助浙江实现逆转。在最多落后20分的情况下，浙江106-104逆转险胜深圳，豪夺10连胜。\\n深圳：沈梓捷28分10板4断2帽、卢艺文6分3板2助、容子峰7分2板、布克37分3板8助、顾全11分7板2助2断、贺希宁7分4板3助4断、卢鹏羽8分2板2助。\\n浙江：张大宇6分4板、朱旭航5分5板2断2帽、吴前26分6板6助、王奕博8分2助、兰兹博格34分9板7助3断、陆文博10分2板、程帅澎5分3板3断、刘泽一8分4板、拉科塞维奇2分4板。\"},{\"type\":\"photo\",\"uri\":\"https://n.sinaimg.cn/front20201109ac/580/w690h690/20201109/0fc3-kcunqzc2319889.jpg\"}]');
INSERT INTO `main_all` VALUES (5, 103, 'CBA也有JR！0秒压哨绝杀自己！场上9人都懵了', '北京时间11月9日，CBA第一阶段继续进行，刚刚拿下首胜的天津队遇上了江苏队。上半场天津在金鑫的带领下打得风生水起，江苏下半场突然觉醒，第三节完成反超后一直保持微弱领先，最终以108-105战胜对手，收获赛季第3胜。\n比赛最后11秒，天津队102-106落后4分，探花秀林庭谦接球后一路狂奔，在对方的严防死守下命中关键3分！直接将分差缩小到1分。本场他出战30分钟，9投3中仅得到11分1板3助3断3失误，但关键时刻毫不手软。\n此后天津采取犯规战术，史鸿飞两罚全中，只给对方留下了5.2秒的进攻时间。天津这时仍落后3分，底线发球后，队友找到有错位优势的孟子凯，没想到后者此时竟选择上篮！而且还进攻超时！这球可以说是看懵了场上的9人。就这样，天津惨遭自己人绝杀，以3分的差距输掉了比赛。本场国内球员可以说是尽力了：时德帅砍下19分8板，金鑫登场42分钟，拿下20分11板7助5断，最后时刻犯满离场，看到努力付诸东流，他下场后坐在场边的背影格外落寞……', 'https://n.sinaimg.cn/sports/crawl/291/w550h541/20201110/425d-kcunqzc3103978.jpg', '1604937600', '篮球', '[{\"type\":\"word\",\"text\":\"北京时间11月9日，CBA第一阶段继续进行，刚刚拿下首胜的天津队遇上了江苏队。上半场天津在金鑫的带领下打得风生水起，江苏下半场突然觉醒，第三节完成反超后一直保持微弱领先，最终以108-105战胜对手，收获赛季第3胜。\\n比赛最后11秒，天津队102-106落后4分，探花秀林庭谦接球后一路狂奔，在对方的严防死守下命中关键3分！直接将分差缩小到1分。本场他出战30分钟，9投3中仅得到11分1板3助3断3失误，但关键时刻毫不手软。\\n此后天津采取犯规战术，史鸿飞两罚全中，只给对方留下了5.2秒的进攻时间。天津这时仍落后3分，底线发球后，队友找到有错位优势的孟子凯，没想到后者此时竟选择上篮！而且还进攻超时！这球可以说是看懵了场上的9人。就这样，天津惨遭自己人绝杀，以3分的差距输掉了比赛。本场国内球员可以说是尽力了：时德帅砍下19分8板，金鑫登场42分钟，拿下20分11板7助5断，最后时刻犯满离场，看到努力付诸东流，他下场后坐在场边的背影格外落寞……\"},{\"type\":\"photo\",\"uri\":\"https://n.sinaimg.cn/sports/crawl/291/w550h541/20201110/425d-kcunqzc3103978.jpg\"}]');
INSERT INTO `main_all` VALUES (6, 102, '17分6助0失误！赵继伟向郭士强们的汇报演出', '17分、6次助攻、0次失误，赵继伟延续辽宁男篮历代后卫的辉煌\n辽宁男篮与广州男篮的比赛，可谓是一场辽宁男篮几代后卫的大聚会，本场比赛，担任两支球队主帅的，分别是辽宁男篮曾经的后卫郭士强和杨鸣，而在咪咕体育的解说台区，还坐着另外一个辽宁男篮走出的后卫、张庆鹏，当然，在如今的辽宁男篮阵中，还有如日中天的郭艾伦和“冉冉升起”的赵继伟。\n除了历代辽宁男篮后卫的聚会，这场比赛因为两队实力悬殊实在没有太多可说的，因此，随着比赛的进行，这场比赛因此更像是赵继伟、这位之前提到过的几位中最年轻的辽宁男篮后卫，向自己的多位前辈的汇报演出。', 'https://n.sinaimg.cn/sports/transform/283/w650h433/20201109/6f33-kcunqzc2449782.jpg', '1604851200', '篮球', '[{\"type\":\"word\",\"text\":\"17分、6次助攻、0次失误，赵继伟延续辽宁男篮历代后卫的辉煌\\n辽宁男篮与广州男篮的比赛，可谓是一场辽宁男篮几代后卫的大聚会，本场比赛，担任两支球队主帅的，分别是辽宁男篮曾经的后卫郭士强和杨鸣，而在咪咕体育的解说台区，还坐着另外一个辽宁男篮走出的后卫、张庆鹏，当然，在如今的辽宁男篮阵中，还有如日中天的郭艾伦和“冉冉升起”的赵继伟。\\n除了历代辽宁男篮后卫的聚会，这场比赛因为两队实力悬殊实在没有太多可说的，因此，随着比赛的进行，这场比赛因此更像是赵继伟、这位之前提到过的几位中最年轻的辽宁男篮后卫，向自己的多位前辈的汇报演出。\"},{\"type\":\"photo\",\"uri\":\"https://n.sinaimg.cn/sports/transform/283/w650h433/20201109/6f33-kcunqzc2449782.jpg\"}]');
INSERT INTO `main_all` VALUES (7, 102, '浙江外援后仰跳投吃违体 可王骁辉那球怎么算?', '兰兹博格后仰跳投被吹违体\n同样的动作遭到不同的处罚，CBA联赛的“哨子”是不是太随意？\n本赛季的CBA赛场上，违体犯规（技术犯规）出现的频率实在是有些过高，但与此同时也难免让人产生一个疑问，这些判罚究竟有没有一个统一的标准？之所以产生这样一个疑问，也许就和9日晚进行的浙江男篮险胜深圳男篮的比赛中，裁判吹罚兰玆博格的一个违体犯规有关。\n浙江男篮与深圳男篮的比赛进行到第四节还剩7分24秒时，兰玆博格的跳投命中之后却响起了哨声。最终经过回放显示，兰玆博格投篮结束之后有一个伸腿的动作，而且恰好绊倒了扑上来防守的顾全，最终，裁判认定兰玆博格的进球有效的同时，也吹罚了兰玆博格一个违体犯规，顾全利用这次违体犯规帮助深圳男篮将比分追至88比90。兰玆博格因为投篮后伸腿被吹罚技术犯规，难免让人连续到11月1日晚进行的浙江男篮94比92险胜北京男篮的比赛。', 'https://n.sinaimg.cn/sports/transform/220/w568h452/20201109/6609-kcunqzc2409021.jpg', '1604851200', '篮球', '[{\"type\":\"word\",\"text\":\"兰兹博格后仰跳投被吹违体\\n同样的动作遭到不同的处罚，CBA联赛的“哨子”是不是太随意？\\n本赛季的CBA赛场上，违体犯规（技术犯规）出现的频率实在是有些过高，但与此同时也难免让人产生一个疑问，这些判罚究竟有没有一个统一的标准？之所以产生这样一个疑问，也许就和9日晚进行的浙江男篮险胜深圳男篮的比赛中，裁判吹罚兰玆博格的一个违体犯规有关。\\n浙江男篮与深圳男篮的比赛进行到第四节还剩7分24秒时，兰玆博格的跳投命中之后却响起了哨声。最终经过回放显示，兰玆博格投篮结束之后有一个伸腿的动作，而且恰好绊倒了扑上来防守的顾全，最终，裁判认定兰玆博格的进球有效的同时，也吹罚了兰玆博格一个违体犯规，顾全利用这次违体犯规帮助深圳男篮将比分追至88比90。兰玆博格因为投篮后伸腿被吹罚技术犯规，难免让人连续到11月1日晚进行的浙江男篮94比92险胜北京男篮的比赛。\"},{\"type\":\"photo\",\"uri\":\"https://n.sinaimg.cn/sports/transform/220/w568h452/20201109/6609-kcunqzc2409021.jpg\"}]');
INSERT INTO `main_all` VALUES (8, 101, '西甲-索莱尔点球戴帽瓦拉内乌龙 皇马1-4瓦伦西亚', '北京时间11月9日凌晨4时，西甲联赛第9轮，皇马客场1-4负于瓦伦西亚。第23分钟本泽马远射破门，索莱尔在第35分钟、第53分钟、第63分钟主罚三个点球上演帽子戏法，第43分钟瓦拉内自摆乌龙。\n第4分钟，瓦伦西亚开出角球，库尔图瓦将球拿到。\n第8分钟，马塞洛左路传中，保利斯塔抢在本泽马之前将球解围。\n第10分钟，维尼修斯左路横传，阿森西奥禁区外远射打偏。\n第13分钟，本泽马左路传中，莫德里奇在禁区线上射门被门将多梅内克倒地扑出。第16分钟，莫德里奇开出右侧角球，本泽马头球被门将扑住。\n第18分钟，维尼修斯禁区左侧底线附近传球，多梅内克将球扑住。\n第23分钟，马塞洛左路倒三角回敲，本泽马在禁区外远射世界波破门，皇马1-0！第40分钟，马塞洛左路传中被对方抢先解围。\n第41分钟，阿森西奥带球反击被索莱尔放倒，主裁判黄牌警告索莱尔。\n第43分钟，戈麦斯右路传中，瓦拉内解围却将球踢向自家球门，库尔图瓦倒地将球捞出，但经过VAR回放显示足球已经越过门线，瓦伦西亚2-1！上半场结束，皇马暂时客场1-2落后于瓦伦西亚。下半场开始，第46分钟，多梅内克出击抢在本泽马之前将球解围。\n第47分钟，李刚仁在禁区外接队友直传球后停球转身一气呵成，随即大力远射击中门柱。\n第50分钟，皇马开出角球，拉莫斯争顶时被判犯规。\n第51分钟，加亚左路带球突入禁区后，面对库尔图瓦横传，马塞洛对戈麦斯犯规，主裁判再次吹罚点球。第53分钟，索莱尔主罚点球梅开二度，瓦伦西亚3-1！\n第57分钟，本泽马禁区外远射被门将扑出，维尼修斯在禁区左侧拿球后补射打高。第58分钟，莫德里奇直塞，阿森西奥禁区内射门被出击的多梅内克挡出。第59分钟，拉莫斯禁区内防守穆萨时手球，经过VAR回放后主裁判吹罚点球，拉莫斯吃到黄牌。\n第63分钟，索莱尔主罚点球上演帽子戏法，瓦伦西亚4-1！', 'https://sports.163.com/20/1109/05/FQVI79SR00058781.html#p=FQVLJJI400DE0005NOS', '1604851200', '足球', '[{\"type\":\"word\",\"text\":\"北京时间11月9日凌晨4时，西甲联赛第9轮，皇马客场1-4负于瓦伦西亚。第23分钟本泽马远射破门，索莱尔在第35分钟、第53分钟、第63分钟主罚三个点球上演帽子戏法，第43分钟瓦拉内自摆乌龙。\\n第4分钟，瓦伦西亚开出角球，库尔图瓦将球拿到。\\n第8分钟，马塞洛左路传中，保利斯塔抢在本泽马之前将球解围。\\n第10分钟，维尼修斯左路横传，阿森西奥禁区外远射打偏。\\n第13分钟，本泽马左路传中，莫德里奇在禁区线上射门被门将多梅内克倒地扑出。第16分钟，莫德里奇开出右侧角球，本泽马头球被门将扑住。\\n第18分钟，维尼修斯禁区左侧底线附近传球，多梅内克将球扑住。\\n第23分钟，马塞洛左路倒三角回敲，本泽马在禁区外远射世界波破门，皇马1-0！第40分钟，马塞洛左路传中被对方抢先解围。\\n第41分钟，阿森西奥带球反击被索莱尔放倒，主裁判黄牌警告索莱尔。\\n第43分钟，戈麦斯右路传中，瓦拉内解围却将球踢向自家球门，库尔图瓦倒地将球捞出，但经过VAR回放显示足球已经越过门线，瓦伦西亚2-1！上半场结束，皇马暂时客场1-2落后于瓦伦西亚。下半场开始，第46分钟，多梅内克出击抢在本泽马之前将球解围。\\n第47分钟，李刚仁在禁区外接队友直传球后停球转身一气呵成，随即大力远射击中门柱。\\n第50分钟，皇马开出角球，拉莫斯争顶时被判犯规。\\n第51分钟，加亚左路带球突入禁区后，面对库尔图瓦横传，马塞洛对戈麦斯犯规，主裁判再次吹罚点球。第53分钟，索莱尔主罚点球梅开二度，瓦伦西亚3-1！\\n第57分钟，本泽马禁区外远射被门将扑出，维尼修斯在禁区左侧拿球后补射打高。第58分钟，莫德里奇直塞，阿森西奥禁区内射门被出击的多梅内克挡出。第59分钟，拉莫斯禁区内防守穆萨时手球，经过VAR回放后主裁判吹罚点球，拉莫斯吃到黄牌。\\n第63分钟，索莱尔主罚点球上演帽子戏法，瓦伦西亚4-1！\"},{\"type\":\"photo\",\"uri\":\"https://sports.163.com/20/1109/05/FQVI79SR00058781.html#p=FQVLJJI400DE0005NOS\"}]');
INSERT INTO `main_all` VALUES (9, 101, '西甲-苏牙再建功菲利克斯双响 马竞4-0大胜加的斯', '北京时间11月8日凌晨4点，西甲联赛第9轮，马德里竞技坐镇主场迎战加的斯。上半场比赛菲利克斯头球破门，略伦特进球扩大领先优势。下半场比赛苏亚雷斯取得进球，菲利克斯终场前再入一球锁定胜局，马竞最终4-0战胜加的斯，取得联赛4连胜。马竞和加的斯在西甲联赛中交锋过24次，马竞14胜5平5负占据上风。两队最近10次交锋中，马竞6胜4平保持不败。\n第8分钟，科克前场任意球长传禁区，莱德斯马出击摘球却和队友法里撞在一起，略伦特得球后挑传门前，菲利克斯头球破门，马竞1-0领先。\n第22分钟，特里皮尔右路横敲禁区，略伦特扣过阿莱克斯-费尔南德斯后低射攻门，皮球撞在莱德斯马小腿上弹起后飞进球门，马竞2-0领先。\n第51分钟，苏亚雷斯横敲，菲利克斯直塞禁区，苏亚雷斯反越位前插到禁区接应推射破门，主裁判确认过VAR后宣布进球有效，马竞3-0领先。\n第90分钟，科雷亚接队友中场长传后挑传禁区送助攻，菲利克斯停球推射破门锁定胜局，马竞最终4-0战胜加的斯。', 'https://nimg.ws.126.net/?url=http%3A%2F%2Fcms-bucket.ws.126.net%2F2020%2F1108%2Ffab0c1fcj00qjg5hx01onc001uo011ic.jpg&thumbnail=660x2147483647&quality=80&type=jpg', '1604764800', '足球', '[{\"type\":\"word\",\"text\":\"北京时间11月8日凌晨4点，西甲联赛第9轮，马德里竞技坐镇主场迎战加的斯。上半场比赛菲利克斯头球破门，略伦特进球扩大领先优势。下半场比赛苏亚雷斯取得进球，菲利克斯终场前再入一球锁定胜局，马竞最终4-0战胜加的斯，取得联赛4连胜。马竞和加的斯在西甲联赛中交锋过24次，马竞14胜5平5负占据上风。两队最近10次交锋中，马竞6胜4平保持不败。\\n第8分钟，科克前场任意球长传禁区，莱德斯马出击摘球却和队友法里撞在一起，略伦特得球后挑传门前，菲利克斯头球破门，马竞1-0领先。\\n第22分钟，特里皮尔右路横敲禁区，略伦特扣过阿莱克斯-费尔南德斯后低射攻门，皮球撞在莱德斯马小腿上弹起后飞进球门，马竞2-0领先。\\n第51分钟，苏亚雷斯横敲，菲利克斯直塞禁区，苏亚雷斯反越位前插到禁区接应推射破门，主裁判确认过VAR后宣布进球有效，马竞3-0领先。\\n第90分钟，科雷亚接队友中场长传后挑传禁区送助攻，菲利克斯停球推射破门锁定胜局，马竞最终4-0战胜加的斯。\"},{\"type\":\"photo\",\"uri\":\"https://nimg.ws.126.net/?url=http%3A%2F%2Fcms-bucket.ws.126.net%2F2020%2F1108%2Ffab0c1fcj00qjg5hx01onc001uo011ic.jpg&thumbnail=660x2147483647&quality=80&type=jpg\"}]');
INSERT INTO `main_all` VALUES (10, 101, '英超-萨拉赫点射热苏斯破门丁丁失点 曼城1-1利物浦', '双方各项赛事历史交锋185场，利物浦90胜48平47负占绝对优势，其中在英超交手46次，曼城战绩10胜16平20负，进59球丢72球。尽管在两队交锋往绩中处于弱势，但曼城近10次英超主场对阵利物浦仅负1场，即2015/16赛季英超13轮，当时蓝月军团1-4落败。双方上赛季联赛两回合较量，曼城先是客场1-3输球，随后主场4-0取胜复仇。\n对比上周中的欧冠比赛，此役曼城主帅瓜迪奥拉对首发阵容进行了多处调整，热苏斯、罗德里、坎塞洛、拉波尔特以及迪亚斯等轮换登场；利物浦方面，主帅克洛普轮换2人，菲尔米诺、马蒂普首发。第4分钟，利物浦率先制造威胁，萨拉赫前场右侧底线附近回敲，菲尔米诺左脚迎球怒射被挡。', 'https://sports.163.com/20/1109/02/FQV619OL00058781.html#p=FQVA07E400D80005NOS', '1604851200', '足球', '[{\"type\":\"word\",\"text\":\"双方各项赛事历史交锋185场，利物浦90胜48平47负占绝对优势，其中在英超交手46次，曼城战绩10胜16平20负，进59球丢72球。尽管在两队交锋往绩中处于弱势，但曼城近10次英超主场对阵利物浦仅负1场，即2015/16赛季英超13轮，当时蓝月军团1-4落败。双方上赛季联赛两回合较量，曼城先是客场1-3输球，随后主场4-0取胜复仇。\\n对比上周中的欧冠比赛，此役曼城主帅瓜迪奥拉对首发阵容进行了多处调整，热苏斯、罗德里、坎塞洛、拉波尔特以及迪亚斯等轮换登场；利物浦方面，主帅克洛普轮换2人，菲尔米诺、马蒂普首发。第4分钟，利物浦率先制造威胁，萨拉赫前场右侧底线附近回敲，菲尔米诺左脚迎球怒射被挡。\"},{\"type\":\"photo\",\"uri\":\"https://sports.163.com/20/1109/02/FQV619OL00058781.html#p=FQVA07E400D80005NOS\"}]');
INSERT INTO `main_all` VALUES (11, 104, '保级后王宝山硬气了：我从来没觉得泰达是降级热门', '本报讯（记者 赵睿）今天下午开始本年度中超最后一轮比赛，天津泰达与河南建业第二回合交锋胜者将获得联赛第九名。赛前发布会，主教练王宝山表示：“希望我们能够继续展现好的方面，奉献精彩的比赛。”郑凯木说：“我们会全力以赴，给球迷一个交代。”\n两支队伍第一回合较量乏善可陈，王宝山透露，球队已总结了原因：“上场比赛没有完全打出我们演练的战术要求。这两天在总结分析上一场比赛我们表现不好需要改进的方面。”郑凯木上轮停赛，本轮复出，泰达中场实力稳中有升，“联赛的最后一场了，希望用精彩的比赛给特殊的赛季画上一个完美的句号。那些仍在电视机前支持我们的球迷，最后一场比赛也需要给他们一个答复。”　\n泰达第一阶段成绩糟糕，被认为是降级大热门，但在第二阶段却快速保级，而且联赛排名甚至好过第一阶段某些表现不错的队伍，王宝山昨天也给这个绕不开的话题画上了句号，他说：“我们从来没觉得泰达是降级热门，这个话题不存在。”\n本赛季泰达从上海申花租借来刘若钒、蒋圣龙两名U23球员，尤其是蒋圣龙的到来，对队伍后防线的稳定起到了很大作用。随着赛季结束，两位小将的去留也成为外界关注的焦点。王宝山表示：“我们首先还是感谢申花租借给我们两个年轻球员，他们在这里的表现也非常不错。至于下一步的工作需要两个俱乐部去协商。”据悉，由于上海申花目前伤病号比较多，所以决定召回刘若钒、蒋圣龙等5名外租球员，随队前往卡塔尔多哈参加亚冠联赛。\n昨天下午，泰达全体队员以轻松的姿态迎接赛前最后一练。打完本场比赛之后，队伍迎来一个短暂的调整期，16日在天津重新集结，备战26日进行的足协杯八分之一决赛，对手是中甲球队贵州恒丰。', 'https://n.sinaimg.cn/sports/transform/282/w650h432/20201110/3441-kcunqzc3471461.jpg', '1604937600', '足球', '[{\"type\":\"word\",\"text\":\"本报讯（记者 赵睿）今天下午开始本年度中超最后一轮比赛，天津泰达与河南建业第二回合交锋胜者将获得联赛第九名。赛前发布会，主教练王宝山表示：“希望我们能够继续展现好的方面，奉献精彩的比赛。”郑凯木说：“我们会全力以赴，给球迷一个交代。”\\n两支队伍第一回合较量乏善可陈，王宝山透露，球队已总结了原因：“上场比赛没有完全打出我们演练的战术要求。这两天在总结分析上一场比赛我们表现不好需要改进的方面。”郑凯木上轮停赛，本轮复出，泰达中场实力稳中有升，“联赛的最后一场了，希望用精彩的比赛给特殊的赛季画上一个完美的句号。那些仍在电视机前支持我们的球迷，最后一场比赛也需要给他们一个答复。”　\\n泰达第一阶段成绩糟糕，被认为是降级大热门，但在第二阶段却快速保级，而且联赛排名甚至好过第一阶段某些表现不错的队伍，王宝山昨天也给这个绕不开的话题画上了句号，他说：“我们从来没觉得泰达是降级热门，这个话题不存在。”\\n本赛季泰达从上海申花租借来刘若钒、蒋圣龙两名U23球员，尤其是蒋圣龙的到来，对队伍后防线的稳定起到了很大作用。随着赛季结束，两位小将的去留也成为外界关注的焦点。王宝山表示：“我们首先还是感谢申花租借给我们两个年轻球员，他们在这里的表现也非常不错。至于下一步的工作需要两个俱乐部去协商。”据悉，由于上海申花目前伤病号比较多，所以决定召回刘若钒、蒋圣龙等5名外租球员，随队前往卡塔尔多哈参加亚冠联赛。\\n昨天下午，泰达全体队员以轻松的姿态迎接赛前最后一练。打完本场比赛之后，队伍迎来一个短暂的调整期，16日在天津重新集结，备战26日进行的足协杯八分之一决赛，对手是中甲球队贵州恒丰。\"},{\"type\":\"photo\",\"uri\":\"https://n.sinaimg.cn/sports/transform/282/w650h432/20201110/3441-kcunqzc3471461.jpg\"}]');
INSERT INTO `main_all` VALUES (12, 105, '富力赛季最大发现有望夺中超大奖 斯托早就夸过他', '新快报讯 记者王敌大连报道 今天下午，2020赛季的最后一轮比赛将正式展开。广州富力对阵大连人。虽然两队都没有争夺亚冠参赛资格和保级任务，然而对于富力队的年轻门将韩佳奇来说，这场比赛绝非鸡肋，他还要抓紧机会证明自己。\n有望锁定联赛出场。\n本赛季，富力一共完成了4场零封。就零封对手的次数来看，富力的表现要优于去年。上赛季30轮比赛，富力仅零封1次。富力只要今天能够再零封一次，富力的零封比例就能达到赛季的1/4。\n如无意外，富力的首发门将依然会是小将韩佳奇。本赛季，韩佳奇“惊喜”上位，取代了程月磊成为了球队的“一门”。赛季至今，韩佳奇还从未缺席过1分钟的比赛，以1710分钟的出场时间“领跑”联赛。只要今天继续打满全场，韩佳奇就能确定成为本赛季的“出场王”。\n对只有21岁的韩佳奇来说，赛季全勤也意味着他很有机会当选今年的中超最佳新人。按照规则，只有21岁以下球员有资格竞争这个奖项，同时对出场时间也有要求。就本赛季的U21球员整体表现来看，韩佳奇的竞争对手不多，只有周俊辰（青岛黄海）、牛梓屹（河南建业）有资格获评，但在比赛时间方面，都和韩佳奇相差甚远。\n韩佳奇曾表态对最佳新人并没有太多想法。“还是要做好自己，踢好每一场比赛。”韩佳奇说。然而，对富力而言，无论韩佳奇是否当选最佳新人，他都是今年的一大发现。', 'https://n.sinaimg.cn/sports/transform/131/w650h281/20201110/9718-kcunqzc3456425.jpg', '1604972880', '足球', '[{\"type\":\"word\",\"text\":\"新快报讯 记者王敌大连报道 今天下午，2020赛季的最后一轮比赛将正式展开。广州富力对阵大连人。虽然两队都没有争夺亚冠参赛资格和保级任务，然而对于富力队的年轻门将韩佳奇来说，这场比赛绝非鸡肋，他还要抓紧机会证明自己。\\n有望锁定联赛出场。\\n本赛季，富力一共完成了4场零封。就零封对手的次数来看，富力的表现要优于去年。上赛季30轮比赛，富力仅零封1次。富力只要今天能够再零封一次，富力的零封比例就能达到赛季的1/4。\\n如无意外，富力的首发门将依然会是小将韩佳奇。本赛季，韩佳奇“惊喜”上位，取代了程月磊成为了球队的“一门”。赛季至今，韩佳奇还从未缺席过1分钟的比赛，以1710分钟的出场时间“领跑”联赛。只要今天继续打满全场，韩佳奇就能确定成为本赛季的“出场王”。\\n对只有21岁的韩佳奇来说，赛季全勤也意味着他很有机会当选今年的中超最佳新人。按照规则，只有21岁以下球员有资格竞争这个奖项，同时对出场时间也有要求。就本赛季的U21球员整体表现来看，韩佳奇的竞争对手不多，只有周俊辰（青岛黄海）、牛梓屹（河南建业）有资格获评，但在比赛时间方面，都和韩佳奇相差甚远。\\n韩佳奇曾表态对最佳新人并没有太多想法。“还是要做好自己，踢好每一场比赛。”韩佳奇说。然而，对富力而言，无论韩佳奇是否当选最佳新人，他都是今年的一大发现。\"},{\"type\":\"photo\",\"uri\":\"https://n.sinaimg.cn/sports/transform/131/w650h281/20201110/9718-kcunqzc3456425.jpg\"}]');
INSERT INTO `main_all` VALUES (13, 106, '1年无球可踢!32岁前恒大国脚仍没找到下家', '11月9日是恒大首夺亚冠的纪念日，时隔已经7年当时的恒大球员仅有极少部分还留在球队，大部分人都已经离开甚至是退役，其中一名当年被给予厚望的球员，如今却找不到下家，接近1年时间无球可踢了，他就是32岁的冯仁亮。\n对于大多数职业球员来说，32岁理应还是黄金年龄，英超的瓦尔迪在这年纪当上金靴，而国内足坛的曾诚也在这年纪重返国家队，但对于冯仁亮来说，今年却显得无比苦涩。\n上赛季他还是人和的一线队球员，中超一共出场8次。可惜自从球队降级后，他就解约离开了。也许是受到疫情影响，他辗转了多支球队进行试训都不顺利，其中就包括栽培他出身的申花，一直到现在都没有找到下家。今年内国内足坛的三个转会窗都已经关闭，也就意味着至少今年他都无球可踢。', 'https://n.sinaimg.cn/sports/crawl/59/w550h309/20201110/4bbc-kcunqzc3339680.jpg', '1604937600', '足球', '[{\"type\":\"word\",\"text\":\"11月9日是恒大首夺亚冠的纪念日，时隔已经7年当时的恒大球员仅有极少部分还留在球队，大部分人都已经离开甚至是退役，其中一名当年被给予厚望的球员，如今却找不到下家，接近1年时间无球可踢了，他就是32岁的冯仁亮。\\n对于大多数职业球员来说，32岁理应还是黄金年龄，英超的瓦尔迪在这年纪当上金靴，而国内足坛的曾诚也在这年纪重返国家队，但对于冯仁亮来说，今年却显得无比苦涩。\\n上赛季他还是人和的一线队球员，中超一共出场8次。可惜自从球队降级后，他就解约离开了。也许是受到疫情影响，他辗转了多支球队进行试训都不顺利，其中就包括栽培他出身的申花，一直到现在都没有找到下家。今年内国内足坛的三个转会窗都已经关闭，也就意味着至少今年他都无球可踢。\"},{\"type\":\"photo\",\"uri\":\"https://n.sinaimg.cn/sports/crawl/59/w550h309/20201110/4bbc-kcunqzc3339680.jpg\"}]');
INSERT INTO `main_all` VALUES (14, 107, '大连赛区裁判组长刘铁军：新老交替让联赛耳目一新', '时光如同白驹过隙，转眼间，2020中国平安中超联赛即将落幕。从7月到11月，由盛夏至深秋，100多个日日夜夜，汇聚成2020赛季中超联赛的难忘记忆。回顾大连赛区近4个月的封闭生活，在中国足协、中超工作组、大连赛区组委会以及大连体育中心皇冠假日酒店的全体服务保障人员的努力协作下，本赛季中超联赛安全、有序、精彩地呈现。在这背后，大连赛区工作组人员讲述了许多不为人知的幕后故事。\n在所有的工作中，防疫是重中之重，同时一切工作都围绕竞赛展开，加之备受关注的裁判工作，使得这三个工作组曝光频率相对更高，甚至可以说每一个细节都被放大镜来观察聚焦。\n防疫与安保组：防疫专家组保驾护航 科学部署严格执行\n中超联赛的顺利开赛，对于中国足协和整个中国足球行业而言，都是一个非常重要的标志。新冠疫情的防控工作，对于赛事能否顺利开展，成功举办，将起到至关重要的作用。中超联赛大连赛区防疫与安保组组长戚军说道，“我们蓝区防疫管理跟安保，还有医疗其实都分不开，各个工作组之间都有衔接和关联。所以说在大连赛区，这三块工作都由我们这个组来做，按照之前制定的中超联赛防疫工作总体方案相关原则，我们来开展相关工作。”\n对于大连赛区防疫组来说，7月22日大连新冠疫情的突然爆发，让3天后即将开幕的中超联赛增加了种种不确定性，压力也非常大，戚军坦言，“那个时候不仅仅是我这个防疫组长，我们整个赛区的全体工作人员，包括协会的领导，如何来决策？如何跟大连市政府共同来判断这项赛事能不能去做？特别是赛事能不能成功？如果说中超联赛不能开赛，对于整个中国足球界的打击会非常大。”\n在重重压力和考验之下，中超联赛顺利开赛，源于各项疫情防控工作的科学部署、严格执行。实际上，在筹备中超联赛的过程中，中国足协聘请了以上海华山医院张文宏教授为首的防疫专家组，而相关的防疫方案都是经过专家来提前认定过的。实际上，在大连没有发生疫情之前，整个赛事就已经按照防疫方案来严格执行了。', 'https://n.sinaimg.cn/sports/crawl/116/w550h366/20201109/dfe7-kcunqzc2553744.jpg', '1604937600', '足球', '[{\"type\":\"word\",\"text\":\"时光如同白驹过隙，转眼间，2020中国平安中超联赛即将落幕。从7月到11月，由盛夏至深秋，100多个日日夜夜，汇聚成2020赛季中超联赛的难忘记忆。回顾大连赛区近4个月的封闭生活，在中国足协、中超工作组、大连赛区组委会以及大连体育中心皇冠假日酒店的全体服务保障人员的努力协作下，本赛季中超联赛安全、有序、精彩地呈现。在这背后，大连赛区工作组人员讲述了许多不为人知的幕后故事。\\n在所有的工作中，防疫是重中之重，同时一切工作都围绕竞赛展开，加之备受关注的裁判工作，使得这三个工作组曝光频率相对更高，甚至可以说每一个细节都被放大镜来观察聚焦。\\n防疫与安保组：防疫专家组保驾护航 科学部署严格执行\\n中超联赛的顺利开赛，对于中国足协和整个中国足球行业而言，都是一个非常重要的标志。新冠疫情的防控工作，对于赛事能否顺利开展，成功举办，将起到至关重要的作用。中超联赛大连赛区防疫与安保组组长戚军说道，“我们蓝区防疫管理跟安保，还有医疗其实都分不开，各个工作组之间都有衔接和关联。所以说在大连赛区，这三块工作都由我们这个组来做，按照之前制定的中超联赛防疫工作总体方案相关原则，我们来开展相关工作。”\\n对于大连赛区防疫组来说，7月22日大连新冠疫情的突然爆发，让3天后即将开幕的中超联赛增加了种种不确定性，压力也非常大，戚军坦言，“那个时候不仅仅是我这个防疫组长，我们整个赛区的全体工作人员，包括协会的领导，如何来决策？如何跟大连市政府共同来判断这项赛事能不能去做？特别是赛事能不能成功？如果说中超联赛不能开赛，对于整个中国足球界的打击会非常大。”\\n在重重压力和考验之下，中超联赛顺利开赛，源于各项疫情防控工作的科学部署、严格执行。实际上，在筹备中超联赛的过程中，中国足协聘请了以上海华山医院张文宏教授为首的防疫专家组，而相关的防疫方案都是经过专家来提前认定过的。实际上，在大连没有发生疫情之前，整个赛事就已经按照防疫方案来严格执行了。\"},{\"type\":\"photo\",\"uri\":\"https://n.sinaimg.cn/sports/crawl/116/w550h366/20201109/dfe7-kcunqzc2553744.jpg\"}]');
INSERT INTO `main_all` VALUES (15, 101, '巴黎大师赛小兹维后程崩盘 梅德韦杰夫破冠军荒', 'ATP1000巴黎大师赛落下帷幕。赛会3号种子梅德韦杰夫决赛里先输后赢，以5-7，6-4，6-1的比分逆转战胜德国名将小兹维列夫。梅德韦杰夫终结小兹维的12连胜，成为第4位在该赛事封王的俄罗斯选手，同时打破自己长达13个月的冠军荒。这是梅德韦杰夫生涯里拿到的第3个大师级别赛事的冠军。\n上赛季表现神勇的梅德韦杰夫今年状态一般，巴黎大师赛是他本赛季闯入的首个决赛，在此之前他最近出战8场仅胜3次。小兹维携背靠背的科隆赛冠军而来，在半决赛里还爆冷挑落头号种子纳达尔。至此已12连胜的德国人还保持着对梅德韦杰夫5胜1负的交战纪录。\n首盘双方一路各自保发直至最后一局。梅德韦杰夫接连反手失误送给小兹维连续3个盘点，面对第3次危机俄罗斯人原计划压线的正手未能击中目标，小兹维凭借这次破发先下一盘。\n次盘双方战至1-1，梅德韦杰夫努力了15分钟都无法破掉小兹维第3局的发球局。两人僵持到4-4。梅德韦杰夫关键时刻提升状态，他拿下接下来9局争夺中的8局。小兹维输掉次盘后love game丢掉决胜盘开始的发球局。梅德韦杰夫在对手送出全场第3次双误后逆转胜出。\n梅德韦杰夫加入同胞萨芬、达维登科和卡恰诺夫的行列，成为第4位赢得巴黎大师赛冠军的俄罗斯选手，他将自己的赛季总战绩改写成23-10，和小兹维的交战纪录也被改写成2-5。梅德韦杰夫和小兹维都已拿到今年年终总决赛的席位。', 'https://nimg.ws.126.net/?url=http%3A%2F%2Fcms-bucket.ws.126.net%2F2020%2F1109%2F72e6252aj00qji4el001bc000hs008mc.jpg&thumbnail=660x2147483647&quality=80&type=jpg', '1604878842', '网球', '[{\"type\":\"word\",\"text\":\"ATP1000巴黎大师赛落下帷幕。赛会3号种子梅德韦杰夫决赛里先输后赢，以5-7，6-4，6-1的比分逆转战胜德国名将小兹维列夫。梅德韦杰夫终结小兹维的12连胜，成为第4位在该赛事封王的俄罗斯选手，同时打破自己长达13个月的冠军荒。这是梅德韦杰夫生涯里拿到的第3个大师级别赛事的冠军。\\n上赛季表现神勇的梅德韦杰夫今年状态一般，巴黎大师赛是他本赛季闯入的首个决赛，在此之前他最近出战8场仅胜3次。小兹维携背靠背的科隆赛冠军而来，在半决赛里还爆冷挑落头号种子纳达尔。至此已12连胜的德国人还保持着对梅德韦杰夫5胜1负的交战纪录。\\n首盘双方一路各自保发直至最后一局。梅德韦杰夫接连反手失误送给小兹维连续3个盘点，面对第3次危机俄罗斯人原计划压线的正手未能击中目标，小兹维凭借这次破发先下一盘。\\n次盘双方战至1-1，梅德韦杰夫努力了15分钟都无法破掉小兹维第3局的发球局。两人僵持到4-4。梅德韦杰夫关键时刻提升状态，他拿下接下来9局争夺中的8局。小兹维输掉次盘后love game丢掉决胜盘开始的发球局。梅德韦杰夫在对手送出全场第3次双误后逆转胜出。\\n梅德韦杰夫加入同胞萨芬、达维登科和卡恰诺夫的行列，成为第4位赢得巴黎大师赛冠军的俄罗斯选手，他将自己的赛季总战绩改写成23-10，和小兹维的交战纪录也被改写成2-5。梅德韦杰夫和小兹维都已拿到今年年终总决赛的席位。\"},{\"type\":\"photo\",\"uri\":\"https://nimg.ws.126.net/?url=http%3A%2F%2Fcms-bucket.ws.126.net%2F2020%2F1109%2F72e6252aj00qji4el001bc000hs008mc.jpg&thumbnail=660x2147483647&quality=80&type=jpg\"}]');
INSERT INTO `main_all` VALUES (16, 108, '小德第6次锁定年终第一宝座 超越费纳仍被争议缠绕', '与桑普拉斯并列历史第一\n这是小德第六次荣获年终第一的荣誉，他超越了瑞士名将费德勒的5次，与前球王皮特·桑普拉斯并肩名列第一。此外小德的世界排名第一累积周数，也即将超越费德勒，目前他已达到293周，不出意外，将在2021年3月8日超过费德勒的310周。\n此前德约科维奇曾经在2011年、2012年、2014年、2015年和2018年先后获得年终第一。\n本赛季有辉煌有争议\n回顾本赛季，小德的表现除了辉煌，也充满争议。这个赛季他5次闯入巡回赛决赛，拿到了4座冠军，其中包括了一座大满贯冠军和2次大师赛冠军。赛季开局阶段还取得了一波26连胜。\n另一方面，小德今年战绩虽高达39胜3负，但输掉的三场比赛，场场具有争议。第一场就是美网时小德挥手击球打中线审(网球裁判员的一种)，被取消资格(美网男单第四轮，德约科维奇因发泄球意外击中线审，被判直接告负)；第二场法网决战，遭纳达尔横扫；第三场是ATP维也纳站仅得3局败给意大利人索内戈。\n曾经的小德，自信、阳光，他最为人称道的不仅是平衡的打法和天赋的网球意识，还有赛场内外的幽默感。随着小德站上网坛最高位置，小德身上的沉重感，取代了轻松。\n比如小德回顾自己本赛季的表现时，认为美网并没有错。小德还强调，应该用科技取代线审，“我提出这个论点后，遭受了许多不公平的攻击，其实这是我多年来一直诉求的，与美网发生的事毫无关系。”\n此外谈到自己为了赢得更多的积分，放弃卫冕巴黎大师赛，而改打维也纳公开赛的选择时，小德表示：“或许有人对我实话实说，讲出真正的想法感到不满，但我不喜欢伪装，做人要真诚坦白，就是我一直接受的教育。”\n不知道德约科维奇曾经的诙谐幽默，是否只是伪装。他在维也纳公开赛表现出了坦诚的一面。根据积分排名，他只需赢下两场比赛，就可坐稳年终世界第一的排名。结果小德真的只赢得前两轮比赛，就见好就收。在赛后的新闻发布会上，德约科维奇坦言：“我做了我必须要做的事，所以我来到了这里。结果没有问题。”\n他仍未享受到真正的成就\n德约科维奇的言论随即招致了维也纳公开赛总监的批评：“这些声明是不必要的。即使您的目的确实是这样，这也不是在任何新闻发布会上都应该说的话。”\n在小德的团队里，对外界的反应同样表示不理解。德约科维奇的父亲在今年2月的2020澳网赛后表示：“ 这是一项富人的运动，他们不能理解一个从穷苦的塞尔维亚人能够成为过去十年最好的球员。这种(不尊重)在世界各地都有，(小德)从没抱怨过。”\n其实德约科维奇已经凭借自身的努力，在网坛赢得了尊重。小德的全满贯和双轮金大师，已是网球世界难以企及的成就。\n但现在看，这些伟大的成就，还没能让德约科维奇享受到真正的成就感。', 'https://nimg.ws.126.net/?url=http%3A%2F%2Fpic-bucket.ws.126.net%2Fphoto%2F0005%2F2020-10-10%2FFOIE9E8505HE0005NOS.jpg&thumbnail=660x2147483647&quality=80&type=jpg', '1604804191', '网球', '[{\"type\":\"word\",\"text\":\"与桑普拉斯并列历史第一\\n这是小德第六次荣获年终第一的荣誉，他超越了瑞士名将费德勒的5次，与前球王皮特·桑普拉斯并肩名列第一。此外小德的世界排名第一累积周数，也即将超越费德勒，目前他已达到293周，不出意外，将在2021年3月8日超过费德勒的310周。\\n此前德约科维奇曾经在2011年、2012年、2014年、2015年和2018年先后获得年终第一。\\n本赛季有辉煌有争议\\n回顾本赛季，小德的表现除了辉煌，也充满争议。这个赛季他5次闯入巡回赛决赛，拿到了4座冠军，其中包括了一座大满贯冠军和2次大师赛冠军。赛季开局阶段还取得了一波26连胜。\\n另一方面，小德今年战绩虽高达39胜3负，但输掉的三场比赛，场场具有争议。第一场就是美网时小德挥手击球打中线审(网球裁判员的一种)，被取消资格(美网男单第四轮，德约科维奇因发泄球意外击中线审，被判直接告负)；第二场法网决战，遭纳达尔横扫；第三场是ATP维也纳站仅得3局败给意大利人索内戈。\\n曾经的小德，自信、阳光，他最为人称道的不仅是平衡的打法和天赋的网球意识，还有赛场内外的幽默感。随着小德站上网坛最高位置，小德身上的沉重感，取代了轻松。\\n比如小德回顾自己本赛季的表现时，认为美网并没有错。小德还强调，应该用科技取代线审，“我提出这个论点后，遭受了许多不公平的攻击，其实这是我多年来一直诉求的，与美网发生的事毫无关系。”\\n此外谈到自己为了赢得更多的积分，放弃卫冕巴黎大师赛，而改打维也纳公开赛的选择时，小德表示：“或许有人对我实话实说，讲出真正的想法感到不满，但我不喜欢伪装，做人要真诚坦白，就是我一直接受的教育。”\\n不知道德约科维奇曾经的诙谐幽默，是否只是伪装。他在维也纳公开赛表现出了坦诚的一面。根据积分排名，他只需赢下两场比赛，就可坐稳年终世界第一的排名。结果小德真的只赢得前两轮比赛，就见好就收。在赛后的新闻发布会上，德约科维奇坦言：“我做了我必须要做的事，所以我来到了这里。结果没有问题。”\\n他仍未享受到真正的成就\\n德约科维奇的言论随即招致了维也纳公开赛总监的批评：“这些声明是不必要的。即使您的目的确实是这样，这也不是在任何新闻发布会上都应该说的话。”\\n在小德的团队里，对外界的反应同样表示不理解。德约科维奇的父亲在今年2月的2020澳网赛后表示：“ 这是一项富人的运动，他们不能理解一个从穷苦的塞尔维亚人能够成为过去十年最好的球员。这种(不尊重)在世界各地都有，(小德)从没抱怨过。”\\n其实德约科维奇已经凭借自身的努力，在网坛赢得了尊重。小德的全满贯和双轮金大师，已是网球世界难以企及的成就。\\n但现在看，这些伟大的成就，还没能让德约科维奇享受到真正的成就感。\"},{\"type\":\"photo\",\"uri\":\"https://nimg.ws.126.net/?url=http%3A%2F%2Fpic-bucket.ws.126.net%2Fphoto%2F0005%2F2020-10-10%2FFOIE9E8505HE0005NOS.jpg&thumbnail=660x2147483647&quality=80&type=jpg\"}]');
INSERT INTO `main_all` VALUES (17, 101, '巴黎大师赛纳达尔止步四强 兹维12连胜剑指冠军', 'ATP1000巴黎大师赛结束男单半决赛的争夺。头号种子纳达尔没能抗住德国名将小兹维列夫轰出的13个ace球，以4-6，5-7的比分落败，爆冷止步四强。小兹维列夫豪取12连胜晋级决赛，将与3号种子梅德韦杰夫争夺冠军。\n纳达尔不久前刚刚成为公开赛时期以来第4位加入“千胜”俱乐部的球员，小兹维列夫则带着此前两周科隆赛背靠背的两冠而来。这是双方之间的第7次交手。23岁的小兹维列夫先后轰出13个ace球，凭借出色的发球将两人交战纪录改写成2-5，这也是他生涯里总共第7次打进ATP1000大师级别赛事的决赛，他是25年来第一位闯入巴黎大师赛男单争冠赛的德国人。\n小兹维列夫顺利保住自己开始8个发球局。首盘他在第3局兑现该盘出现的唯一一次破发，次盘也是在第3局率先打破僵局。直至次盘第8局争夺纳达尔才首次攻陷小兹维的发球局，头号种子借此将次盘比分追成4-4。小兹维列夫及时扼杀纳达尔的反扑，4-5落后的情况下他提升状态，以连赢最后3局的表现锁定胜利。\n小兹维列夫将与自己保持5胜1负交战纪录的俄罗斯人梅德韦杰夫争夺冠军。\n梅德韦杰夫在另外一场半决赛里同样直落两盘，用6-4，7-6(4)的比分击退加拿大名将拉奥尼奇。梅德韦杰夫在面对7次破发危机的情况下化解了6个破发点，这是他13个月以来首次重返巡回赛决赛，同时也是他第4次打进大师级别赛事的争冠赛（此前3场决赛他的战绩为2冠1亚）。现世界排名第5的梅德韦杰夫本赛季状态一般，巴黎大师赛之前他在参加的8场比赛里输掉了5场。', 'https://nimg.ws.126.net/?url=http%3A%2F%2Fpic-bucket.ws.126.net%2Fphoto%2F0005%2F2020-01-29%2FF43BRG5P05HE0005NOS.jpg&thumbnail=660x2147483647&quality=80&type=jpg', '1604790729', '网球', '[{\"type\":\"word\",\"text\":\"ATP1000巴黎大师赛结束男单半决赛的争夺。头号种子纳达尔没能抗住德国名将小兹维列夫轰出的13个ace球，以4-6，5-7的比分落败，爆冷止步四强。小兹维列夫豪取12连胜晋级决赛，将与3号种子梅德韦杰夫争夺冠军。\\n纳达尔不久前刚刚成为公开赛时期以来第4位加入“千胜”俱乐部的球员，小兹维列夫则带着此前两周科隆赛背靠背的两冠而来。这是双方之间的第7次交手。23岁的小兹维列夫先后轰出13个ace球，凭借出色的发球将两人交战纪录改写成2-5，这也是他生涯里总共第7次打进ATP1000大师级别赛事的决赛，他是25年来第一位闯入巴黎大师赛男单争冠赛的德国人。\\n小兹维列夫顺利保住自己开始8个发球局。首盘他在第3局兑现该盘出现的唯一一次破发，次盘也是在第3局率先打破僵局。直至次盘第8局争夺纳达尔才首次攻陷小兹维的发球局，头号种子借此将次盘比分追成4-4。小兹维列夫及时扼杀纳达尔的反扑，4-5落后的情况下他提升状态，以连赢最后3局的表现锁定胜利。\\n小兹维列夫将与自己保持5胜1负交战纪录的俄罗斯人梅德韦杰夫争夺冠军。\\n梅德韦杰夫在另外一场半决赛里同样直落两盘，用6-4，7-6(4)的比分击退加拿大名将拉奥尼奇。梅德韦杰夫在面对7次破发危机的情况下化解了6个破发点，这是他13个月以来首次重返巡回赛决赛，同时也是他第4次打进大师级别赛事的争冠赛（此前3场决赛他的战绩为2冠1亚）。现世界排名第5的梅德韦杰夫本赛季状态一般，巴黎大师赛之前他在参加的8场比赛里输掉了5场。\"},{\"type\":\"photo\",\"uri\":\"https://nimg.ws.126.net/?url=http%3A%2F%2Fpic-bucket.ws.126.net%2Fphoto%2F0005%2F2020-01-29%2FF43BRG5P05HE0005NOS.jpg&thumbnail=660x2147483647&quality=80&type=jpg\"}]');
INSERT INTO `main_all` VALUES (18, 102, '哈勒普新冠检测呈阳性：有轻微症状 已自我隔离', '10月31日晚消息，罗马尼亚网球女单名将、大满贯冠军西蒙娜-哈勒普透露自己的新冠检测呈阳性，有轻微症状。\n29岁的她说：“大家好，我想让大家知道我COVID-19的测试呈阳性。我在家自我隔离，并且从轻度症状中恢复良好。我感觉很好。让我们将一起度过难关。”\n\n', 'https://n.sinaimg.cn/sports/transform/324/w650h474/20201031/f4fb-kcieyvz1006030.png', '1604146620', '网球', '[{\"type\":\"word\",\"text\":\"10月31日晚消息，罗马尼亚网球女单名将、大满贯冠军西蒙娜-哈勒普透露自己的新冠检测呈阳性，有轻微症状。\\n29岁的她说：“大家好，我想让大家知道我COVID-19的测试呈阳性。我在家自我隔离，并且从轻度症状中恢复良好。我感觉很好。让我们将一起度过难关。”\\n\\n\"},{\"type\":\"photo\",\"uri\":\"https://n.sinaimg.cn/sports/transform/324/w650h474/20201031/f4fb-kcieyvz1006030.png\"}]');
INSERT INTO `main_all` VALUES (19, 102, '法网张帅不敌科维托娃 无缘第三次进大满贯八强', '北京时间10月5日，2020年法国网球公开赛继续展开女单第四轮的争夺，已经创造个人法网最好成绩的张帅迎战两届大满贯冠军科维托娃。最终张帅2-6 4-6不敌对手无缘第三度杀进大满贯八强。\n两位球员此前有过5次交手，张帅2胜3负略处于下风。\n比赛由张帅率先发球，科维托娃开场就展示了强大的进攻火力，破掉张帅的发球局后顺利保发，2-0领跑。第三局，张帅浪费三个局点后再度遭遇破发，科维托娃保发后比分被拉开至4-0。第五局，张帅经历平分考验后惊险保发，第六局双方纠缠了8分钟，科维托娃艰难保发，之后的第七局张帅挽救2个盘点保发，追到2-5，随后张帅申请了离场医疗暂停。暂停回来之后，科维托娃手感依旧，顺利保发6-2拿下首盘。\n第二盘，张帅开局再遭破发，科维托娃保发后带出2-0的领先。随后四局双方各自保发，科娃继续保持4-2的领先，关键的第七局，张帅再度遭遇破发，科娃5-2迎来发球胜赛局。不甘就此交出胜利的张帅在科娃的发球胜赛局奋力一搏，全场首次破发得手，并在随后自己的发球局挽救一个赛点，将比分追到4-5。第十局，科维托娃的第二个发球胜赛局，捷克名将没有再浪费机会，直落四分拿下，大比分2-0淘汰张帅杀进八强。', 'https://n.sinaimg.cn/sports/transform/283/w650h433/20201005/c2a1-kaaxtfn0298781.jpg', '1601894160', '网球', '[{\"type\":\"word\",\"text\":\"北京时间10月5日，2020年法国网球公开赛继续展开女单第四轮的争夺，已经创造个人法网最好成绩的张帅迎战两届大满贯冠军科维托娃。最终张帅2-6 4-6不敌对手无缘第三度杀进大满贯八强。\\n两位球员此前有过5次交手，张帅2胜3负略处于下风。\\n比赛由张帅率先发球，科维托娃开场就展示了强大的进攻火力，破掉张帅的发球局后顺利保发，2-0领跑。第三局，张帅浪费三个局点后再度遭遇破发，科维托娃保发后比分被拉开至4-0。第五局，张帅经历平分考验后惊险保发，第六局双方纠缠了8分钟，科维托娃艰难保发，之后的第七局张帅挽救2个盘点保发，追到2-5，随后张帅申请了离场医疗暂停。暂停回来之后，科维托娃手感依旧，顺利保发6-2拿下首盘。\\n第二盘，张帅开局再遭破发，科维托娃保发后带出2-0的领先。随后四局双方各自保发，科娃继续保持4-2的领先，关键的第七局，张帅再度遭遇破发，科娃5-2迎来发球胜赛局。不甘就此交出胜利的张帅在科娃的发球胜赛局奋力一搏，全场首次破发得手，并在随后自己的发球局挽救一个赛点，将比分追到4-5。第十局，科维托娃的第二个发球胜赛局，捷克名将没有再浪费机会，直落四分拿下，大比分2-0淘汰张帅杀进八强。\"},{\"type\":\"photo\",\"uri\":\"https://n.sinaimg.cn/sports/transform/283/w650h433/20201005/c2a1-kaaxtfn0298781.jpg\"}]');
INSERT INTO `main_all` VALUES (20, 109, '纳达尔巴黎大师赛首冠梦再破灭 本赛季仅剩一站', '中新网11月8日电 2020赛季ATP巴黎大师赛昨夜今晨结束两场男单半决赛，其中一场焦点战，纳达尔全场遭遇三次破发，以4：6/5：7不敌兹维列夫，止步四强，在此地夺得第一冠的梦想，又一次破碎。\n面对状态出色的兹维列夫，虽然西班牙人在第二盘2：4、0：40落后的情况下，一度连追三局。但最终前者还是直落两盘胜出，闯进决赛的他，将与梅德维德夫争夺冠军。\n此役失利，是纳达尔在室内硬地赛中面对兹维列夫的连续第二场败仗，在这里夺得首冠的希望再度落空，追平德约大师赛36冠纪录也只能再等明年。纳达尔单打10连胜戛然而止的同时，也无缘再度晋级巴黎大师赛决赛。接下来，他将前往伦敦参加ATP年终总决赛，这将是ATP赛事2020赛季的最后一站比赛。\n赛后，纳达尔并没有显得太过失望，他高度赞扬了对手在赛场上的表现。“这次比赛我一直表现得很有竞争力，直到遇到一位在这种场地上表现出色的选手，最近他真的赢了非常多，这站比赛的结果对我来说仍然是相当积极的。”\n“输球我并不高兴，但这也是比赛的一部分，我只能接受这个结果，他确实打得更好。当然我很希望夺冠，但在这里总是会非常困难，不过整个赛事期间，我都保持着积极的心态，每场比赛都战斗到底。”纳达尔表示。\n此外，纳达尔的目光也已经投向了一周之后的伦敦年终总决赛，他说：“有机会打四场比赛对我征战伦敦很有帮助。我需要适应很多东西，但在重要事情上我做得很好，我有一周的时间，还需要继续努力，期待为伦敦总决赛做好准备。”', 'https://n.sinaimg.cn/sports/crawl/135/w550h385/20201108/c9f6-kcpxnww5152893.jpg', '1604811000', '网球', '[{\"type\":\"word\",\"text\":\"中新网11月8日电 2020赛季ATP巴黎大师赛昨夜今晨结束两场男单半决赛，其中一场焦点战，纳达尔全场遭遇三次破发，以4：6/5：7不敌兹维列夫，止步四强，在此地夺得第一冠的梦想，又一次破碎。\\n面对状态出色的兹维列夫，虽然西班牙人在第二盘2：4、0：40落后的情况下，一度连追三局。但最终前者还是直落两盘胜出，闯进决赛的他，将与梅德维德夫争夺冠军。\\n此役失利，是纳达尔在室内硬地赛中面对兹维列夫的连续第二场败仗，在这里夺得首冠的希望再度落空，追平德约大师赛36冠纪录也只能再等明年。纳达尔单打10连胜戛然而止的同时，也无缘再度晋级巴黎大师赛决赛。接下来，他将前往伦敦参加ATP年终总决赛，这将是ATP赛事2020赛季的最后一站比赛。\\n赛后，纳达尔并没有显得太过失望，他高度赞扬了对手在赛场上的表现。“这次比赛我一直表现得很有竞争力，直到遇到一位在这种场地上表现出色的选手，最近他真的赢了非常多，这站比赛的结果对我来说仍然是相当积极的。”\\n“输球我并不高兴，但这也是比赛的一部分，我只能接受这个结果，他确实打得更好。当然我很希望夺冠，但在这里总是会非常困难，不过整个赛事期间，我都保持着积极的心态，每场比赛都战斗到底。”纳达尔表示。\\n此外，纳达尔的目光也已经投向了一周之后的伦敦年终总决赛，他说：“有机会打四场比赛对我征战伦敦很有帮助。我需要适应很多东西，但在重要事情上我做得很好，我有一周的时间，还需要继续努力，期待为伦敦总决赛做好准备。”\"},{\"type\":\"photo\",\"uri\":\"https://n.sinaimg.cn/sports/crawl/135/w550h385/20201108/c9f6-kcpxnww5152893.jpg\"}]');
INSERT INTO `main_all` VALUES (21, 88, '老照片：张伯伦封盖贾巴尔“天勾”，那年莱利站如喽啰', '虎扑11月9日讯 今天ESPN“WEEKEND WARRIOR”电台节目主持人，福克斯体育评论员罗伯特-克拉珀在推特上晒出了一张老照片。\n照片中湖人中锋威尔特-张伯伦正试图封盖雄鹿中锋卡里姆-阿卜杜尔-贾巴尔的“天勾”，克拉珀写道：\n“仔细看，#12号是帕特-莱利。”', 'https://i11.hoopchina.com.cn/hupuapp/bbs/993/34462993/thread_34462993_20201109224456_s_117346_o_w_660_h_990_21418.png?x-oss-process=image/resize,w_800/\nhttps://i5.hoopchina.com.cn/hupuapp/bbs/993/34462993/thread_34462993_20201109224456_s_92624_o_w_660_h_990_59939.png?x-oss-process=image/resize,w_800/', '1604932920', '篮球', '[{\"type\":\"word\",\"text\":\"虎扑11月9日讯 今天ESPN“WEEKEND WARRIOR”电台节目主持人，福克斯体育评论员罗伯特-克拉珀在推特上晒出了一张老照片。\\n照片中湖人中锋威尔特-张伯伦正试图封盖雄鹿中锋卡里姆-阿卜杜尔-贾巴尔的“天勾”，克拉珀写道：\\n“仔细看，#12号是帕特-莱利。”\"},{\"type\":\"photo\",\"uri\":\"https://i11.hoopchina.com.cn/hupuapp/bbs/993/34462993/thread_34462993_20201109224456_s_117346_o_w_660_h_990_21418.png?x-oss-process=image/resize,w_800/\"},{\"type\":\"photo\",\"uri\":\"https://i5.hoopchina.com.cn/hupuapp/bbs/993/34462993/thread_34462993_20201109224456_s_92624_o_w_660_h_990_59939.png?x-oss-process=image/resize,w_800/\"}]');
INSERT INTO `main_all` VALUES (22, 110, '纳达尔“跨界”出战高尔夫赛获佳绩 落后冠军10杆排名第六', '新华社马德里10月26日电 26日，网球名将纳达尔在巴利阿里高尔夫锦标赛中并列第六。继两周前获得第13个法网冠军后，他“跨界”证明了自己的另一项运动实力。\n\n据西班牙媒体《马卡报》报道，此次比赛在纳达尔的家乡西班牙马略卡岛举行。经过3天的角逐，他最终以落后冠军10杆的成绩排名第六。   \n日前，纳达尔已经确定将出战11月初进行的巴黎网球大师赛，只要在首轮取胜，他就将迎来职业生涯第1000场胜利，成为历史上第4位达成这一成就的选手。\n\n在11日举行的2020法国网球公开赛男单决赛中，纳达尔以6:0、6:2、7:5横扫头号种子焦科维奇，追平了费德勒保持的20次大满贯夺冠的男子纪录。（完）', 'https://inews.gtimg.com/newsapp_bt/0/12678247517/641\nhttps://inews.gtimg.com/newsapp_bt/0/12678248378/641', '1603788120', '网球', '[{\"type\":\"word\",\"text\":\"新华社马德里10月26日电 26日，网球名将纳达尔在巴利阿里高尔夫锦标赛中并列第六。继两周前获得第13个法网冠军后，他“跨界”证明了自己的另一项运动实力。\\n\\n据西班牙媒体《马卡报》报道，此次比赛在纳达尔的家乡西班牙马略卡岛举行。经过3天的角逐，他最终以落后冠军10杆的成绩排名第六。   \\n日前，纳达尔已经确定将出战11月初进行的巴黎网球大师赛，只要在首轮取胜，他就将迎来职业生涯第1000场胜利，成为历史上第4位达成这一成就的选手。\\n\\n在11日举行的2020法国网球公开赛男单决赛中，纳达尔以6:0、6:2、7:5横扫头号种子焦科维奇，追平了费德勒保持的20次大满贯夺冠的男子纪录。（完）\"},{\"type\":\"photo\",\"uri\":\"https://inews.gtimg.com/newsapp_bt/0/12678247517/641\"},{\"type\":\"photo\",\"uri\":\"https://inews.gtimg.com/newsapp_bt/0/12678248378/641\"}]');
INSERT INTO `main_all` VALUES (23, 111, '劳力士与法国网球公开赛', '2020年罗兰·加洛斯（即法国网球公开赛）在上周日落下帷幕，罗拉加洛斯的争夺在深秋举行，也是比较罕见的。这项大满贯赛事因其独特的红土场地而闻名于世，球场的红土表面令球速变慢、弹得更高，球手对打时间因而更加紧凑漫长，考验着球手的体力与意志，若想在这项大满贯赛事脱颖而出，球技、耐性与毅力缺一不可。\n\n本次法网赛场还有一位熟悉的老朋友，那便是赛事首席合作伙伴劳力士，这也是劳力士与法网正式合作的第二个年头。劳力士一直以卓越性能而著称，其合作的体育赛事和人物也无一例外与卓越一词密不可分，而网球四大满贯的合作伙伴头衔更是为劳力士所包揽。今年法网的赛场上，毫无意外地出现了2位代表着卓越精神的劳力士代言人身影。\n\n出生于1993年的女单选手加尔比妮·穆古拉扎（Garbi?e Muguruza）充满激情与斗志，她于2012年正式投身职业生涯，仅仅两年后的2014年就高踞世界排名首20位。又在2年后，年仅23岁的她便赢得了2016年法网赛事单打冠军，这也是她的首项大满贯殊荣。仅一年后，她便在温布尔登网球锦标赛取得第二项冠军，成功登上世界第一。这些奖项正是她努力的回报。五岁时，其父母决定从委内瑞拉移民到西班牙，让她专注于网球事业发展。她深知家人所作出的牺牲，为了令他们自豪而埋首训练。有趣的是，她与劳力士的渊源可以追溯至她年幼时期，她的父母均佩戴劳力士腕表，她也因此一直希望拥有一只属于自己的劳力士，但她的父亲却告诉她：“你必须致力耕耘，终有一天便能有机会够得自己的劳力士腕表。”直到2014年底，已经位列世界顶级球手的她终于为自己购入了一块劳力士，作为对自己努力付出的奖励。\n\n然而今年比较可惜的是，穆古拉扎在10月4日举行的女单16强晋级赛上爆冷输给了美国球手柯林斯，赛后穆古拉扎坦言，“你能在任何一轮比赛中出具，有些从来没看过的选手，表现非常惊人。”穆古拉扎简短的几句话基本概括了本届法网女单前三轮的战况。尽管如此，穆古拉扎仍然有着广阔的前景，或者今年的挫折只是她漫长职业生涯中的一小部分，却可能促使她更进一步巩固及提升自己的能力，期待她在明年的红土赛场卷土重来。\n\n还有一位不得不提的球手，是同样出生于1993年的多米尼克·蒂姆（Dominic Thiem），这是一位极具实力的泥地球场网球选手，同时也是本届法网男单三大夺冠热门之一。这位奥地利球手在紧凑漫长的对大众，展现耐性、精准及稳定，让他在2018年及2019年跻身罗兰·加洛斯男子单打决赛。他非常擅长这种球场，17项ATP冠军殊荣中，便有10项是在泥地球场上夺得。多米尼克·蒂姆不仅晋级2020年澳大利亚网球公开赛决赛，更于同年的美国公开赛首度赢得大满贯殊荣。\n\n今年很多人都看好他能够阻击纳达尔，和德约在决赛中会师，甚至完全有机会赢下背靠背的大满贯冠军，但可惜的是他在进入八强之后，遗憾败给了阿根廷选手斯瓦茨曼。但和穆古拉扎一样，这位年青选手同样有着傲人的历史战绩和令人可期的未来生涯，继纳达尔和德约之后的男单年青一代，格局已经逐渐形成，蒂姆将会有机会领军未来男单，接过已退役的劳力士代言人费德勒的男单霸主衣钵。\n\n劳力士在网球赛事的传奇仍在继续，他与一众出色网球球手的缘分也会延续下去，因为在劳力士和优秀网球选手的基因中都深深印刻着卓越一词。今年是劳力士成为罗兰·加洛斯首席合作伙伴的第二年，相信已经全揽四大满贯的劳力士会携手球手们共同为观众呈现一场又一场精彩绝伦的比赛。', 'https://inews.gtimg.com/newsapp_bt/0/12613500569/641\n\nhttps://inews.gtimg.com/newsapp_bt/0/12613505047/641\n\nhttps://inews.gtimg.com/newsapp_bt/0/12613505047/641', '1602743100', '网球', '[{\"type\":\"word\",\"text\":\"2020年罗兰·加洛斯（即法国网球公开赛）在上周日落下帷幕，罗拉加洛斯的争夺在深秋举行，也是比较罕见的。这项大满贯赛事因其独特的红土场地而闻名于世，球场的红土表面令球速变慢、弹得更高，球手对打时间因而更加紧凑漫长，考验着球手的体力与意志，若想在这项大满贯赛事脱颖而出，球技、耐性与毅力缺一不可。\\n\\n本次法网赛场还有一位熟悉的老朋友，那便是赛事首席合作伙伴劳力士，这也是劳力士与法网正式合作的第二个年头。劳力士一直以卓越性能而著称，其合作的体育赛事和人物也无一例外与卓越一词密不可分，而网球四大满贯的合作伙伴头衔更是为劳力士所包揽。今年法网的赛场上，毫无意外地出现了2位代表着卓越精神的劳力士代言人身影。\\n\\n出生于1993年的女单选手加尔比妮·穆古拉扎（Garbi?e Muguruza）充满激情与斗志，她于2012年正式投身职业生涯，仅仅两年后的2014年就高踞世界排名首20位。又在2年后，年仅23岁的她便赢得了2016年法网赛事单打冠军，这也是她的首项大满贯殊荣。仅一年后，她便在温布尔登网球锦标赛取得第二项冠军，成功登上世界第一。这些奖项正是她努力的回报。五岁时，其父母决定从委内瑞拉移民到西班牙，让她专注于网球事业发展。她深知家人所作出的牺牲，为了令他们自豪而埋首训练。有趣的是，她与劳力士的渊源可以追溯至她年幼时期，她的父母均佩戴劳力士腕表，她也因此一直希望拥有一只属于自己的劳力士，但她的父亲却告诉她：“你必须致力耕耘，终有一天便能有机会够得自己的劳力士腕表。”直到2014年底，已经位列世界顶级球手的她终于为自己购入了一块劳力士，作为对自己努力付出的奖励。\\n\\n然而今年比较可惜的是，穆古拉扎在10月4日举行的女单16强晋级赛上爆冷输给了美国球手柯林斯，赛后穆古拉扎坦言，“你能在任何一轮比赛中出具，有些从来没看过的选手，表现非常惊人。”穆古拉扎简短的几句话基本概括了本届法网女单前三轮的战况。尽管如此，穆古拉扎仍然有着广阔的前景，或者今年的挫折只是她漫长职业生涯中的一小部分，却可能促使她更进一步巩固及提升自己的能力，期待她在明年的红土赛场卷土重来。\\n\\n还有一位不得不提的球手，是同样出生于1993年的多米尼克·蒂姆（Dominic Thiem），这是一位极具实力的泥地球场网球选手，同时也是本届法网男单三大夺冠热门之一。这位奥地利球手在紧凑漫长的对大众，展现耐性、精准及稳定，让他在2018年及2019年跻身罗兰·加洛斯男子单打决赛。他非常擅长这种球场，17项ATP冠军殊荣中，便有10项是在泥地球场上夺得。多米尼克·蒂姆不仅晋级2020年澳大利亚网球公开赛决赛，更于同年的美国公开赛首度赢得大满贯殊荣。\\n\\n今年很多人都看好他能够阻击纳达尔，和德约在决赛中会师，甚至完全有机会赢下背靠背的大满贯冠军，但可惜的是他在进入八强之后，遗憾败给了阿根廷选手斯瓦茨曼。但和穆古拉扎一样，这位年青选手同样有着傲人的历史战绩和令人可期的未来生涯，继纳达尔和德约之后的男单年青一代，格局已经逐渐形成，蒂姆将会有机会领军未来男单，接过已退役的劳力士代言人费德勒的男单霸主衣钵。\\n\\n劳力士在网球赛事的传奇仍在继续，他与一众出色网球球手的缘分也会延续下去，因为在劳力士和优秀网球选手的基因中都深深印刻着卓越一词。今年是劳力士成为罗兰·加洛斯首席合作伙伴的第二年，相信已经全揽四大满贯的劳力士会携手球手们共同为观众呈现一场又一场精彩绝伦的比赛。\"},{\"type\":\"photo\",\"uri\":\"https://inews.gtimg.com/newsapp_bt/0/12613500569/641\"},{\"type\":\"photo\",\"uri\":\"\"},{\"type\":\"photo\",\"uri\":\"https://inews.gtimg.com/newsapp_bt/0/12613505047/641\"},{\"type\":\"photo\",\"uri\":\"\"},{\"type\":\"photo\",\"uri\":\"https://inews.gtimg.com/newsapp_bt/0/12613505047/641\"}]');
INSERT INTO `main_all` VALUES (24, 110, '中国1.2亿人次观看2020法网赛事直播 成赛事最大观众群体', '新华社巴黎10月14日电（记者肖亚卓）本赛季最后一项网球大满贯赛事——法国网球公开赛已经于本月11日落下帷幕。组委会14日发布的一份数据报告显示，虽然受疫情影响，本届法网现场观众人数受到极大限制，但借助电视及社交媒体，覆盖观众较往年仍然取得较大提升，其中中国观众成为最大的观众群体。\n\n该报告显示，整个赛事期间，中国共有1.2亿人次观看了赛事直播，是法国本土观赛人次（3810万）的3倍还要多，比起2019年赛事的中国观赛人次提高了26%。\n\n本届赛事在全球范围内共有173家转播商，比上一届增加20家。不出所料，纳达尔与焦科维奇的男单决赛成为最受关注的比赛，最高峰时刻全球有5900万人同时观看这场比赛。\n\n此外，社交平台也成为越来越多球迷关注赛事的主要渠道。整个比赛期间，与法网相关的帖文在国外主流社交平台上总浏览量超过4亿次，互动量达到1800万次，相比2019年提高了60%。法网组委会在各社交平台的官方账号总粉丝数量增长了29万。\n\n受新冠肺炎疫情影响，2020年法网推迟了4个月举行，根据法国政府规定，现场每日观众人数不得超过1000人。“红土之王”纳达尔在男单决赛中击败世界第一焦科维奇，第13次获得红土大满贯冠军。女单桂冠则被19岁的波兰小将斯维亚特克获得，她在决赛中战胜了今年的澳网冠军科宁。（完）', 'https://inews.gtimg.com/newsapp_bt/0/12612271655/641', '1602727320', '网球', '[{\"type\":\"word\",\"text\":\"新华社巴黎10月14日电（记者肖亚卓）本赛季最后一项网球大满贯赛事——法国网球公开赛已经于本月11日落下帷幕。组委会14日发布的一份数据报告显示，虽然受疫情影响，本届法网现场观众人数受到极大限制，但借助电视及社交媒体，覆盖观众较往年仍然取得较大提升，其中中国观众成为最大的观众群体。\\n\\n该报告显示，整个赛事期间，中国共有1.2亿人次观看了赛事直播，是法国本土观赛人次（3810万）的3倍还要多，比起2019年赛事的中国观赛人次提高了26%。\\n\\n本届赛事在全球范围内共有173家转播商，比上一届增加20家。不出所料，纳达尔与焦科维奇的男单决赛成为最受关注的比赛，最高峰时刻全球有5900万人同时观看这场比赛。\\n\\n此外，社交平台也成为越来越多球迷关注赛事的主要渠道。整个比赛期间，与法网相关的帖文在国外主流社交平台上总浏览量超过4亿次，互动量达到1800万次，相比2019年提高了60%。法网组委会在各社交平台的官方账号总粉丝数量增长了29万。\\n\\n受新冠肺炎疫情影响，2020年法网推迟了4个月举行，根据法国政府规定，现场每日观众人数不得超过1000人。“红土之王”纳达尔在男单决赛中击败世界第一焦科维奇，第13次获得红土大满贯冠军。女单桂冠则被19岁的波兰小将斯维亚特克获得，她在决赛中战胜了今年的澳网冠军科宁。（完）\"},{\"type\":\"photo\",\"uri\":\"https://inews.gtimg.com/newsapp_bt/0/12612271655/641\"}]');
INSERT INTO `main_all` VALUES (25, 111, '2020中网菁英邀请赛北京站揭幕 活力重燃相聚国家网球中心', '9月26日，2020中网菁英邀请赛北京站在国家网球中心揭幕，来自京城社会各界的网球菁英们齐聚一堂，共享网球运动的优雅与魅力。大满贯双打冠军郑洁惊喜亮相，与参赛球友抢七互动。\n\n开幕式上，中国网球公开赛赛事总监张军慧在接受采访时说道：“今天我们要庆祝另一个勇敢的开始，比赛落户北京、上海两地，网球人怀着激动的心情，在这个熟悉而又美丽的季节，再次相聚在国家网球中心，让活力重新登场。”\n\n本次菁英赛参赛球员最期待的，无疑是在比赛期间和大满贯双打冠军郑洁面对面切磋交流，迎来属于自己的高光时刻。中网的老朋友郑洁和前网球国手张爱民搭档，与菁英球友进行抢七挑战。\n\n每年金秋，网球人相聚中网，是习惯、是传统，也是一种符号。今年受到国际疫情影响，中国赛季停摆，面对困难重重的2020，中网以EMBA商学院精准人群为参赛主体、覆盖国内菁英人士的重量级赛事，比赛共设北京与上海两站，其中北京站分为EMBA组、高校组、企业组三个组别，每组12支菁英球队，一共36队；上海站则将于10月17日开打。', 'https://inews.gtimg.com/newsapp_bt/0/12529714287/641', '1601127120', '网球', '[{\"type\":\"word\",\"text\":\"9月26日，2020中网菁英邀请赛北京站在国家网球中心揭幕，来自京城社会各界的网球菁英们齐聚一堂，共享网球运动的优雅与魅力。大满贯双打冠军郑洁惊喜亮相，与参赛球友抢七互动。\\n\\n开幕式上，中国网球公开赛赛事总监张军慧在接受采访时说道：“今天我们要庆祝另一个勇敢的开始，比赛落户北京、上海两地，网球人怀着激动的心情，在这个熟悉而又美丽的季节，再次相聚在国家网球中心，让活力重新登场。”\\n\\n本次菁英赛参赛球员最期待的，无疑是在比赛期间和大满贯双打冠军郑洁面对面切磋交流，迎来属于自己的高光时刻。中网的老朋友郑洁和前网球国手张爱民搭档，与菁英球友进行抢七挑战。\\n\\n每年金秋，网球人相聚中网，是习惯、是传统，也是一种符号。今年受到国际疫情影响，中国赛季停摆，面对困难重重的2020，中网以EMBA商学院精准人群为参赛主体、覆盖国内菁英人士的重量级赛事，比赛共设北京与上海两站，其中北京站分为EMBA组、高校组、企业组三个组别，每组12支菁英球队，一共36队；上海站则将于10月17日开打。\"},{\"type\":\"photo\",\"uri\":\"https://inews.gtimg.com/newsapp_bt/0/12529714287/641\"}]');
INSERT INTO `main_all` VALUES (26, 111, '德约快马加鞭追赶费纳非天方夜谭 GOAT之争让三巨头不敢懈怠', '沸沸扬扬的温网终于落幕，那个缠绕在人心头的终极悬念“是21还是16”，也终于有了答案：冷静顽强的塞尔维亚人和以37岁零340天的年纪打入温网决赛的费德勒在联袂创造了一场超越经典的对决后，拿到了自己的第五座挑战者杯，也顺势将大满贯冠军数提升至16座。\n\n纵然外界习惯说，这是一场没有失败者的对决。但费德勒心里知道，如果自己是最终的胜利者，他的大满贯冠军数将和之后紧紧追赶的纳达尔拉大到3座，不仅就此跃入安全区域，还将牢牢稳固其GOAT之位。\n\n只是，笑到最后的是德约，这位从枪炮童年中走出来的战士，在生死边缘，他用铜墙铁壁和难以想象的平静将自己从生死悬崖的一边拉回来，这大概也是置死地而后生的最好诠释吧。在这片经历两年低谷后重生的草地上，德约顽强地站起来，笑傲世界。\n\n16座冠军奖杯对德约的意义不言而喻，不仅在进一步提升其历史地位的同时，也在加紧追赶着排在他前面的纳达尔。2座冠军之遥，对目前各个场地都有非凡实力的德约而言，绝非遥不可及。\n\n跟纳达尔相比，德约虽然比其只小1岁，但给外界的感觉是俩人总像是“两代人”，这大概和他们出道时所遇到的背景和起步不同有着密不可分的关联。纳达尔在罗兰·加洛斯以拿冠军的姿态出世，也从此开始了和费德勒爱恨纠缠。少年之王从开始就在赞誉和期待中成长。\n\n而德约呢，在2008年墨尔本拿到大满贯首冠时，当时的费德勒已有12座冠军奖杯在手，遥望着传奇之神桑普拉斯的背影，而纳达尔也有三座火枪手杯入账。\n\n墨尔本之后，德约跟冠军一别就是三年，而这三年里，费纳依旧你方唱罢我登台，续写着他们的缠绵。之于费纳，德约始终扮演着的是挑战者的角色，他要冲破牢笼统治，他要三分天下，必须拿出比费纳更恐怖的实力，更强大的心理，更顽强的斗志。\n\n11年，德约经历过比之费纳更坎坷的经历，他有误入歧途的迷茫，有功成名就后的慌乱，也有找寻不到自我后的乱投医，但塞尔维亚人还是以更强大的一种姿态回归，攻城拔寨，开始了他的时代，于是，才有了如今16冠入手的骄傲。\n\n想想，一个月后的纽约，半年后的墨尔本，硬地赛向来是德约的擅长而纳达尔的相对弱项，大满贯数的天平届时又会发生怎样的偏移？忍不住去期待。\n\n一旦追赶得上纳达尔，那德约遥望费德勒的20座也非天方夜谭，就像奶牛当年超越桑普拉斯一样，从最初的不敢想到后来提升到了真不敢想的20座。\n\n在可以创造巨大历史的机遇面前，在稳定而可以信赖的团队的保障护航之下，再有历经世事终有成熟的心之后，德约为何要停下脚步？他要做的就是加足马力，在费纳都难敌时间摧残出现松动的现实中，去创造自己的GOAT之位。', 'https://inews.gtimg.com/newsapp_bt/0/9709302231/641\n\nhttps://inews.gtimg.com/newsapp_bt/0/9709308448/641\n\nhttps://inews.gtimg.com/newsapp_bt/0/9709308448/641\n\nhttps://inews.gtimg.com/newsapp_bt/0/9709308448/641', '1563153000', '网球', '[{\"type\":\"word\",\"text\":\"沸沸扬扬的温网终于落幕，那个缠绕在人心头的终极悬念“是21还是16”，也终于有了答案：冷静顽强的塞尔维亚人和以37岁零340天的年纪打入温网决赛的费德勒在联袂创造了一场超越经典的对决后，拿到了自己的第五座挑战者杯，也顺势将大满贯冠军数提升至16座。\\n\\n纵然外界习惯说，这是一场没有失败者的对决。但费德勒心里知道，如果自己是最终的胜利者，他的大满贯冠军数将和之后紧紧追赶的纳达尔拉大到3座，不仅就此跃入安全区域，还将牢牢稳固其GOAT之位。\\n\\n只是，笑到最后的是德约，这位从枪炮童年中走出来的战士，在生死边缘，他用铜墙铁壁和难以想象的平静将自己从生死悬崖的一边拉回来，这大概也是置死地而后生的最好诠释吧。在这片经历两年低谷后重生的草地上，德约顽强地站起来，笑傲世界。\\n\\n16座冠军奖杯对德约的意义不言而喻，不仅在进一步提升其历史地位的同时，也在加紧追赶着排在他前面的纳达尔。2座冠军之遥，对目前各个场地都有非凡实力的德约而言，绝非遥不可及。\\n\\n跟纳达尔相比，德约虽然比其只小1岁，但给外界的感觉是俩人总像是“两代人”，这大概和他们出道时所遇到的背景和起步不同有着密不可分的关联。纳达尔在罗兰·加洛斯以拿冠军的姿态出世，也从此开始了和费德勒爱恨纠缠。少年之王从开始就在赞誉和期待中成长。\\n\\n而德约呢，在2008年墨尔本拿到大满贯首冠时，当时的费德勒已有12座冠军奖杯在手，遥望着传奇之神桑普拉斯的背影，而纳达尔也有三座火枪手杯入账。\\n\\n墨尔本之后，德约跟冠军一别就是三年，而这三年里，费纳依旧你方唱罢我登台，续写着他们的缠绵。之于费纳，德约始终扮演着的是挑战者的角色，他要冲破牢笼统治，他要三分天下，必须拿出比费纳更恐怖的实力，更强大的心理，更顽强的斗志。\\n\\n11年，德约经历过比之费纳更坎坷的经历，他有误入歧途的迷茫，有功成名就后的慌乱，也有找寻不到自我后的乱投医，但塞尔维亚人还是以更强大的一种姿态回归，攻城拔寨，开始了他的时代，于是，才有了如今16冠入手的骄傲。\\n\\n想想，一个月后的纽约，半年后的墨尔本，硬地赛向来是德约的擅长而纳达尔的相对弱项，大满贯数的天平届时又会发生怎样的偏移？忍不住去期待。\\n\\n一旦追赶得上纳达尔，那德约遥望费德勒的20座也非天方夜谭，就像奶牛当年超越桑普拉斯一样，从最初的不敢想到后来提升到了真不敢想的20座。\\n\\n在可以创造巨大历史的机遇面前，在稳定而可以信赖的团队的保障护航之下，再有历经世事终有成熟的心之后，德约为何要停下脚步？他要做的就是加足马力，在费纳都难敌时间摧残出现松动的现实中，去创造自己的GOAT之位。\"},{\"type\":\"photo\",\"uri\":\"https://inews.gtimg.com/newsapp_bt/0/9709302231/641\"},{\"type\":\"photo\",\"uri\":\"\"},{\"type\":\"photo\",\"uri\":\"https://inews.gtimg.com/newsapp_bt/0/9709308448/641\"},{\"type\":\"photo\",\"uri\":\"\"},{\"type\":\"photo\",\"uri\":\"https://inews.gtimg.com/newsapp_bt/0/9709308448/641\"},{\"type\":\"photo\",\"uri\":\"\"},{\"type\":\"photo\",\"uri\":\"https://inews.gtimg.com/newsapp_bt/0/9709308448/641\"}]');
INSERT INTO `main_all` VALUES (27, 113, 'ESPN：费德勒提议ATP和WTA合并获广泛支持 疫情带来改革动力', '撰文/Peter Bodo（皮特-波多，ESPN专栏作家）\n\n编译/李田友（腾讯体育特约撰稿人）\n\n“我只是有点想知道……我是唯一一位觉得现在是男子网球和女子网球应该合并在一起的人吗？”\n\n这看上去是一个完全无害的言论，无论是对于一位球员，还是一直关注这项运动的球迷来说都是如此。\n\n这无疑是一个好主意，之前已经被提出过很多次，多得让人数都数不过来。但由于这一次提出这个观点的球员是罗杰-费德勒，而且这一言论是在新冠病毒大流行期间通过推特发表的，因此这一言论立即获得了广泛关注，很多人都表示了对这位瑞士天王的支持。\n\n目前世界排名第二的女子选手哈勒普在推特上表示：“是的，你不是唯一一个。”\n\n网坛传奇金夫人在推特上也表示：“我同意（关于合并的必要性），从20世纪70年代初就一直这么说。女子网球和男子网球合并在一起，一直是我对网球的憧憬。单独成立WTA一直是B计划。”\n\n纳达尔也表示：“罗杰（费德勒），正如你所知道的，根据我们的讨论，我完全同意你的观点，男子网球和女子网球能够一起走出这场世界危机将是非常好的事情。”\n\n显然，新冠病毒大流行导致的社交距离，以及经济活动的暂停，已经导致人们沉下心来用新的眼光看待各自的职业。\n\n曾在2014年至2019年期间担任ATP执行主席的克里斯-科莫德（Chris Kermode）在接受ESPN采访时表示：“当事情进展顺利时，没有人愿意放弃任何生意，没有人专注于变革。但是当危机发生时，人们往往会关注不同的想法和潜在的变化。”\n\n目前网球运动面临的危机显而易见：职业网球在印第安维尔斯赛开赛前陷入停滞，如今温网也宣布取消，这意味着至少在7月13日才有ATP或WTA比赛。禁赛对网坛经济的影响是深远的，特别是对于那些排名前200名之外的球员。\n\n近几个月来，甚至在新冠病毒大流行引发经济危机之前，ATP和WTA的管理者们就对合并ATP和WTA产生了新的兴趣。在今年1月的澳大利亚网球公开赛上，WTA主席米奇-劳勒会见了科莫德的继任者安德里亚-高登齐以及澳大利亚网球官员，讨论如何在巡回赛之间建立更紧密的工作关系。\n\n这会会谈的首要内容是：为ATP杯创建一个相似的女子项目——WTA杯，尽可能多地体现男子网球和女子网球的共性。\n\n劳勒当时在一封电子邮件中写道：“我们正在讨论2022年推出的WTA杯，它正在筹备中。”\n\nATP球员委员会代表波斯皮西尔曾直言不讳地批评网球比赛的奖金结构，他在回复费德勒时写道：“嗨，费德勒和纳达尔。这是一个好主意。自一月份向我们提出这一设想以来，ATP一直在努力解决这一问题。”\n\n将ATP和WTA合并的主要障碍是，ATP不愿将自己的资源投入到WTA。而且在传统上，很多ATP选手对合并的想法并不感冒。澳洲选手克耶高斯就表示：“我不知道他们有没有问过大多数ATP球员的想法，以及这对我们有什么好处？”\n\n合并计划的另一个障碍是网球运动目前的管理结构。这项运动有四个不同的管理机构和七个组织参与其中。分别是：ATP、WTA、ITF（国际网球联合会）和大满贯理事会（代表四个大满贯赛事的组织）。\n\n科莫德表示：“如果合并对双方都有利的话，这将成为现实。但是如果两个组织的发展并不平衡，一个组织发展得并另一个更好，那么合并就会有些困难。总而言之，双方都必须有合并的动力。”\n\n费德勒随后表示，他的主张是合并ATP和WTA：“当有不同的排名系统、不同的标志、不同的网站、不同的比赛级别时，球迷们会感到很困惑。”\n\n分析人士表示，一个更紧密的伙伴关系可能为更多的男女联合赛事打开大门，比如印第安维尔斯赛那样的大赛。但这可能会变得棘手，因为这可能意味着两个组织都将减少50%的工作岗位。而赞助协议、转播合同和奖金分配也将带来更严峻的挑战。因此一个合并的组织肯定不会在短期内出现。\n\n当前的危机，可能会给巡回赛带来更大的动力，推动巡回赛向前发展。目前巡回赛正在制定一个数百万美元的救助计划，该计划旨在为两个组织排名较低的球员提供资金支持。当比赛完全恢复正常时，很难说清楚网坛会是什么样子。\n\n目前ATP和WTA主要负责各自的巡回赛，ITF是全球网球运动的管理机构，而大满贯理事会代表四个大满贯赛事，如果男子网球和女子网球真的能建立一个统一组织，那么类似法网单方面延期比赛的情况就不会发生。\n\nESPN评论员吉尔伯特（Brad Gilbert）对此表示：“每个人都对法网的延期感到不安，但过了一段时间我在想——‘这对他们来说很好’。我希望几个月后，我们会有一个疯狂拥挤的日程，也许我们可以在网球史上最棒的三个月里结束这个赛季。”', 'https://inews.gtimg.com/newsapp_bt/0/11634461388/641', '1587620820', '网球', '[{\"type\":\"word\",\"text\":\"撰文/Peter Bodo（皮特-波多，ESPN专栏作家）\\n\\n编译/李田友（腾讯体育特约撰稿人）\\n\\n“我只是有点想知道……我是唯一一位觉得现在是男子网球和女子网球应该合并在一起的人吗？”\\n\\n这看上去是一个完全无害的言论，无论是对于一位球员，还是一直关注这项运动的球迷来说都是如此。\\n\\n这无疑是一个好主意，之前已经被提出过很多次，多得让人数都数不过来。但由于这一次提出这个观点的球员是罗杰-费德勒，而且这一言论是在新冠病毒大流行期间通过推特发表的，因此这一言论立即获得了广泛关注，很多人都表示了对这位瑞士天王的支持。\\n\\n目前世界排名第二的女子选手哈勒普在推特上表示：“是的，你不是唯一一个。”\\n\\n网坛传奇金夫人在推特上也表示：“我同意（关于合并的必要性），从20世纪70年代初就一直这么说。女子网球和男子网球合并在一起，一直是我对网球的憧憬。单独成立WTA一直是B计划。”\\n\\n纳达尔也表示：“罗杰（费德勒），正如你所知道的，根据我们的讨论，我完全同意你的观点，男子网球和女子网球能够一起走出这场世界危机将是非常好的事情。”\\n\\n显然，新冠病毒大流行导致的社交距离，以及经济活动的暂停，已经导致人们沉下心来用新的眼光看待各自的职业。\\n\\n曾在2014年至2019年期间担任ATP执行主席的克里斯-科莫德（Chris Kermode）在接受ESPN采访时表示：“当事情进展顺利时，没有人愿意放弃任何生意，没有人专注于变革。但是当危机发生时，人们往往会关注不同的想法和潜在的变化。”\\n\\n目前网球运动面临的危机显而易见：职业网球在印第安维尔斯赛开赛前陷入停滞，如今温网也宣布取消，这意味着至少在7月13日才有ATP或WTA比赛。禁赛对网坛经济的影响是深远的，特别是对于那些排名前200名之外的球员。\\n\\n近几个月来，甚至在新冠病毒大流行引发经济危机之前，ATP和WTA的管理者们就对合并ATP和WTA产生了新的兴趣。在今年1月的澳大利亚网球公开赛上，WTA主席米奇-劳勒会见了科莫德的继任者安德里亚-高登齐以及澳大利亚网球官员，讨论如何在巡回赛之间建立更紧密的工作关系。\\n\\n这会会谈的首要内容是：为ATP杯创建一个相似的女子项目——WTA杯，尽可能多地体现男子网球和女子网球的共性。\\n\\n劳勒当时在一封电子邮件中写道：“我们正在讨论2022年推出的WTA杯，它正在筹备中。”\\n\\nATP球员委员会代表波斯皮西尔曾直言不讳地批评网球比赛的奖金结构，他在回复费德勒时写道：“嗨，费德勒和纳达尔。这是一个好主意。自一月份向我们提出这一设想以来，ATP一直在努力解决这一问题。”\\n\\n将ATP和WTA合并的主要障碍是，ATP不愿将自己的资源投入到WTA。而且在传统上，很多ATP选手对合并的想法并不感冒。澳洲选手克耶高斯就表示：“我不知道他们有没有问过大多数ATP球员的想法，以及这对我们有什么好处？”\\n\\n合并计划的另一个障碍是网球运动目前的管理结构。这项运动有四个不同的管理机构和七个组织参与其中。分别是：ATP、WTA、ITF（国际网球联合会）和大满贯理事会（代表四个大满贯赛事的组织）。\\n\\n科莫德表示：“如果合并对双方都有利的话，这将成为现实。但是如果两个组织的发展并不平衡，一个组织发展得并另一个更好，那么合并就会有些困难。总而言之，双方都必须有合并的动力。”\\n\\n费德勒随后表示，他的主张是合并ATP和WTA：“当有不同的排名系统、不同的标志、不同的网站、不同的比赛级别时，球迷们会感到很困惑。”\\n\\n分析人士表示，一个更紧密的伙伴关系可能为更多的男女联合赛事打开大门，比如印第安维尔斯赛那样的大赛。但这可能会变得棘手，因为这可能意味着两个组织都将减少50%的工作岗位。而赞助协议、转播合同和奖金分配也将带来更严峻的挑战。因此一个合并的组织肯定不会在短期内出现。\\n\\n当前的危机，可能会给巡回赛带来更大的动力，推动巡回赛向前发展。目前巡回赛正在制定一个数百万美元的救助计划，该计划旨在为两个组织排名较低的球员提供资金支持。当比赛完全恢复正常时，很难说清楚网坛会是什么样子。\\n\\n目前ATP和WTA主要负责各自的巡回赛，ITF是全球网球运动的管理机构，而大满贯理事会代表四个大满贯赛事，如果男子网球和女子网球真的能建立一个统一组织，那么类似法网单方面延期比赛的情况就不会发生。\\n\\nESPN评论员吉尔伯特（Brad Gilbert）对此表示：“每个人都对法网的延期感到不安，但过了一段时间我在想——‘这对他们来说很好’。我希望几个月后，我们会有一个疯狂拥挤的日程，也许我们可以在网球史上最棒的三个月里结束这个赛季。”\"},{\"type\":\"photo\",\"uri\":\"https://inews.gtimg.com/newsapp_bt/0/11634461388/641\"}]');
INSERT INTO `main_all` VALUES (28, 112, 'ESPN：费德勒手术改变史上最佳之争格局 本赛季他可能就被超越\n', '撰文/Bill Connelly（ESPN网球栏目记者）\n\n编译/李田友（腾讯体育特约撰稿人）\n\n费德勒本周三宣布，自己接受了右膝膝盖手术，他在草地赛季开始之前不会参加任何比赛，这意味着他将错过2020赛季的法网公开赛。\n\n我们不知道这位网坛传奇还会在这项运动中停留多长的时间，他的受伤无疑是让人失望的，这意味着最近五年的法网比赛，他仅仅只参加了一次——去年他杀进了四强但是输给了老对手纳达尔。今年的受伤也使得他能否以100%的状态参加温网打上了一个巨大的问号。\n\n而这次受伤，也使得费德勒、纳达尔和德约科维奇三人谁能够成为史上获得大满贯冠军最多的选手增添了更多的悬念。\n\n对于职业网球选手来说，一生可能要打几百场甚至几千场比赛。对于最伟大的选手来说，他们的成就往往是一个数字就可以概括的：\n\n8-这是阿加西、康纳斯和伦德尔的大满贯冠军数量。\n\n7-这是麦肯罗的大满贯冠军数量。\n\n6-这是埃德博格以及贝克尔的大满贯冠军数量。\n\n这些各自时代最伟大的球员们创造的数字。刚才提到的六名球员，总共占据了893周的ATP排名第一的位置。2000年温网，桑普拉斯赢得了他的第13个大满贯，随后他又在2002年美网再次夺冠。当他带着14个大满贯退役时，只有5名球员的大满贯数量达到了两位数。\n\n而在20年后，我们对伟大的定义也发生了巨大的变化——\n\n费德勒在2009年赢得了他的第14个大满贯（法网），一个月后赢得了第15个（温网），此后他又先后拿下了5个大满贯。\n\n纳达尔，仅仅在巴黎就赢得了12个大满贯，此外他还在其他大满贯赛事中先后7次夺冠。\n\n德约科维奇比纳达尔小1岁，比费德勒小6岁，他在过去七个大满贯中赢得了5个冠军，使得自己总的大满贯冠军达到了17个，他拥有的澳网冠军（8个）比麦肯罗在所有的大满贯赛中都要多。\n\n如今三位选手对于“史上最佳”的争夺已经进入白热化阶段，而大满贯冠军就是考核“史上最佳”最重要的标准。之前费德勒一路领先，但他也很可能会最先退役，这使得纳达尔和德约科维奇超越他都存在很大的可能性。\n\n最新的统计数据显示：尽管三巨头近年来的表现不如他们在各自职业生涯的巅峰时期那么好，但他们目前仍然是目前每项大满贯冠军的最大热门。果然，在今年澳网赛中，德约科维奇在半决赛中击败费德勒，并在决赛中战胜蒂姆，获得自己第17个大满贯冠军。\n\n展望今年剩余的三项大满贯赛事是有意义的，费德勒已经确定缺席法网，但是他在草地赛场上依然具备超强的竞争力，这使得三人之间的争夺依然存在很大的变数。\n\n法网：德约科维奇VS纳达尔\n\n当然，这个设想对蒂姆来说可能是有些不公平的，他在过去的两届法网赛中都杀进了决赛，在过去的三年里，他两次在法网击败德约科维奇。但在他真正突破赢得自己的第一个大满贯冠军之前，所有的故事还是会集中在三巨头之间。\n\n纳达尔持续在巴黎获胜，今年他非常有望在这里获得自己的第20个大满贯冠军，过去他在法网的总成绩是骄人的93胜2负。虽然纳达尔并不是典型意义上的“红土专家”，但是客观的说，自2010年以来，他在法网以外的24个大满贯中只赢得了3个冠军，因此，他每个赛季的重心，无疑还是会集中在罗兰加洛斯。\n\n纳达尔在法网遭遇的两场失利，有一场正是输给了德约科维奇。在过去的五年里，他们在红土上打了六场比赛，每个人都拿下了7盘。达维数据（Davy\'s ratings）显示，纳达尔目前在红土竞争力上依然高居第一，但是德约科维奇并没有落后太多，接下来两位分别是蒂姆和西西帕斯。这份数据同时也显示：2020年法网纳达尔夺冠的几率是24%，德约科维奇是18%。他们之间的差距并不大。\n\n温网：德约科维奇VS费德勒\n\n纳达尔、德约科维奇最终在大满贯冠军数量上超越费德勒似乎已成定局，但是费德勒一直在做顽强的抵抗。2017年澳网，他结束了长达五年的大满贯冠军荒，随后又先后赢得了一个温网一个澳网冠军，这使得他保留了一些领先的空间。去年温网，他本来还有机会获得自己第21个大满贯，但德约科维奇最终还是击败了他，随后纳达尔又获得美网冠军，将与费德勒的大满贯冠军数量之差缩小为1个。\n\n如果费德勒能在6月前恢复自己的最佳的状态，那么他没有理由不能在伦敦再争夺一个冠军。他在全英俱乐部的战绩是101胜13负，过去八年的温网，他有五次参加了决赛，他对于温网的依赖，可能比纳达尔对于法网的依赖更加严重一些。\n\n达维数据显示，费德勒目前的草地竞争力依然略微领先于德约科维奇排在第一位。尽管纳达尔最近在温布尔登的成绩非常平庸，但依然排名第三，梅德韦杰夫排名第四——在年轻一代球员中，蒂姆和红土竞争力和梅德韦杰夫的草地竞争力应该是最高的。但是温网最吸引人的对决，无疑还是费德勒VS德约科维奇。\n\n美网：新旧之争\n\n美网无疑是三巨头统治力最弱的一项大满贯赛事，费德勒、纳达尔和德约科维奇共获得15个澳网冠军、15个温网冠军和14个法网冠军，但只赢得了12次美网冠军。\n\n在过去的六年里，三巨头之外的球员已经六次进入决赛。此外德尔波特罗和西里奇还分别在2009年和2014年获得各自目前唯一一个大满贯冠军，穆雷（2012年）和瓦林卡（2016年）也先后在这里夺冠。梅德韦杰夫去年也差一点做到。\n\n根据达维数据显示，硬地球场不仅是最适合梅德韦杰夫的场地，同样也是这项运动中许多二线球员的最佳场地，包括贝雷蒂尼（目前排名第8）、孟菲尔斯（排名第9）、阿古特（排名第12）、卢布廖夫（排名第14）、沙波瓦洛夫（排名第15）、卡恰洛夫（排名第17）、伊斯内尔（排名第19），克耶高斯（排名第21）、迪米特洛夫（排名第22）、德米纳尔（排名第24）以及德尔波特罗、西利奇和2017年决赛选手安德森。\n\n尽管德约科维奇在大满贯上依然落后费德勒三个，但是他依然是最有可能最终在这场“史上最佳”之争中胜出的人。他比纳达尔还年轻一岁，而且他不像费德勒和纳达尔那样将几乎全部的希望寄托在一个大满贯赛事中。达维数据显示：在2021年之前，德约科维奇平均每年可以比费德勒和纳达尔多赢得至少0.5个大满贯，这意味着他在进入35岁之后，仍将落后2个左右。如果纳达尔再赢一个法网，德约科维奇接下来两年的压力将依然是巨大的。', 'https://inews.gtimg.com/newsapp_bt/0/11364668683/641', '1582453140', '网球', '[{\"type\":\"word\",\"text\":null},{\"type\":\"photo\",\"uri\":\"https://inews.gtimg.com/newsapp_bt/0/11364668683/641\"}]');
INSERT INTO `main_all` VALUES (30, 114, '丹尼-格林：考辛斯也应该获得冠军戒指 他一整年都在球队恢复训练', '尽管德马库斯-考辛斯加盟洛杉矶湖人后并没有为球队出战一场比赛，而且后面还因为伤病被球队裁掉，不过湖人球员丹尼-格林还是认为，考辛斯也应该获得一枚总冠军戒指。\n\n19年7月7日，考辛斯宣布以一年350万美元加盟湖人，但是却在赛季还没开始之前再次遭遇重伤，赛季报销，而湖人为了提升阵容实力，在2月22日选择裁掉考辛斯，并腾出位置签下和活塞买断合同的马基夫-莫里斯。\n\n而这此之前考辛斯一直随队训练，主帅沃格尔甚至还原本指望考辛斯可以在季后赛中复出，而随队获得总冠军的丹尼-格林就认为，考辛斯也应该获得一枚总冠军戒指。\n\n“德马库斯-考辛斯在养伤期间一直和球队在一起，也就是最后没有和我们一起去复赛园区打复赛，”丹尼-格林说道，“包括丹尼尔斯这一年大多数时间也是和球队在一起，随后去了丹佛后表现也很不错，这几个大多数时间是在阵容之中，所以我认为他们理应有一个获得总冠军戒指的机会，毕竟他们也曾经是球队的一部分。”\n\n目前湖人还是非常有兴趣和考辛斯完成续签，至于湖人会不会接受格林的“建议”，给考辛斯颁发一枚冠军戒指，则要等待时间来验证了。', 'https://inews.gtimg.com/newsapp_bt/0/12750233434/1000', '1604954280', '篮球', '[{\"type\":\"word\",\"text\":\"尽管德马库斯-考辛斯加盟洛杉矶湖人后并没有为球队出战一场比赛，而且后面还因为伤病被球队裁掉，不过湖人球员丹尼-格林还是认为，考辛斯也应该获得一枚总冠军戒指。\\n\\n19年7月7日，考辛斯宣布以一年350万美元加盟湖人，但是却在赛季还没开始之前再次遭遇重伤，赛季报销，而湖人为了提升阵容实力，在2月22日选择裁掉考辛斯，并腾出位置签下和活塞买断合同的马基夫-莫里斯。\\n\\n而这此之前考辛斯一直随队训练，主帅沃格尔甚至还原本指望考辛斯可以在季后赛中复出，而随队获得总冠军的丹尼-格林就认为，考辛斯也应该获得一枚总冠军戒指。\\n\\n“德马库斯-考辛斯在养伤期间一直和球队在一起，也就是最后没有和我们一起去复赛园区打复赛，”丹尼-格林说道，“包括丹尼尔斯这一年大多数时间也是和球队在一起，随后去了丹佛后表现也很不错，这几个大多数时间是在阵容之中，所以我认为他们理应有一个获得总冠军戒指的机会，毕竟他们也曾经是球队的一部分。”\\n\\n目前湖人还是非常有兴趣和考辛斯完成续签，至于湖人会不会接受格林的“建议”，给考辛斯颁发一枚冠军戒指，则要等待时间来验证了。\"},{\"type\":\"photo\",\"uri\":\"https://inews.gtimg.com/newsapp_bt/0/12750233434/1000\"}]');
INSERT INTO `main_all` VALUES (31, 114, '哈登五月以后首次更新推特：别拿我和别人做比较', '深陷交易传闻的休斯顿火箭球星詹姆斯-哈登打破了自己在社交媒体上足足半年的沉寂，发表了自己一张在训练馆开练的照片，表示已经为新赛季开始做准备。\n\n詹姆斯-哈登自五月以来还从来没有更新过自己的推特，近日有传闻东部有球队想要得到哈登，而哈登在今日时隔六个月后再次更新推特，表明了自己的立场。\n\n“我为自己代言，我走我的路，是我成就了自己，别拿我和别人作比较，我就是这样一个现实主义者，开练。”哈登发了一张训练图并配文道。\n\n随着休赛期火箭队总经理和主教练都发生了改变，球队新赛季的前景也变得扑朔迷离，此前有报道东部已经有球队对交易哈登有兴趣，不过新上任的火箭主帅赛拉斯表示依然会以哈登和韦少为进攻核心打造球队，球队新赛季不会走重建之路。\n\n上赛季哈登常规赛出战68场，场均得到34.3分，6.6个篮板7.5次助攻，季后赛出战12场，场均得到29.6分5.6个篮板7.7次助攻。', 'https://inews.gtimg.com/newsapp_bt/0/12750312567/1000', '1604959200', '篮球', '[{\"type\":\"word\",\"text\":\"深陷交易传闻的休斯顿火箭球星詹姆斯-哈登打破了自己在社交媒体上足足半年的沉寂，发表了自己一张在训练馆开练的照片，表示已经为新赛季开始做准备。\\n\\n詹姆斯-哈登自五月以来还从来没有更新过自己的推特，近日有传闻东部有球队想要得到哈登，而哈登在今日时隔六个月后再次更新推特，表明了自己的立场。\\n\\n“我为自己代言，我走我的路，是我成就了自己，别拿我和别人作比较，我就是这样一个现实主义者，开练。”哈登发了一张训练图并配文道。\\n\\n随着休赛期火箭队总经理和主教练都发生了改变，球队新赛季的前景也变得扑朔迷离，此前有报道东部已经有球队对交易哈登有兴趣，不过新上任的火箭主帅赛拉斯表示依然会以哈登和韦少为进攻核心打造球队，球队新赛季不会走重建之路。\\n\\n上赛季哈登常规赛出战68场，场均得到34.3分，6.6个篮板7.5次助攻，季后赛出战12场，场均得到29.6分5.6个篮板7.7次助攻。\"},{\"type\":\"photo\",\"uri\":\"https://inews.gtimg.com/newsapp_bt/0/12750312567/1000\"}]');
INSERT INTO `main_all` VALUES (32, 115, '名记称火箭已到缴奢侈税补强阵容时刻 理由：让哈登高兴', '北京时间11月10日，据《今日美国》报道，ESPN名记布莱恩-温德霍斯特表示，今年休赛期是火箭不惜缴纳奢侈税来补强阵容的时候，因为他们必须让詹姆斯-哈登高兴。\n\n火箭新任总经理拉斐尔-斯通最近的言论非常明确地表明了两件事情：他们计划在今年休赛期使用中产特例，他们计划在下赛季缴纳奢侈税。自从蒂尔曼-费尔蒂塔在2017年10月买下火箭以来，他们从来没有缴纳过奢侈税。\n\n但是出于几个原因，今年似乎有所不同。在ESPN的《The Jump》节目中，温德霍斯特提出了一个更重要的原因：让哈登高兴。\n\n“我认为斯通这次访谈的有趣之处在于，他非常清楚要缴纳奢侈税了，他要使用中产特例从而进入缴纳奢侈税的行列。”温德霍斯特说，“这是一个重要的信息，不仅仅对火箭球迷，也是对哈登的重要信息。因为哈登经历了很多变化，坦白地说，在过去的几年里，并不是所有的变化都是那么积极的。毫无疑问，火箭有一套很好的阵容，但是他们的阵容也很薄弱。他们需要更多的支持，但是他们离奢侈税太近了。”\n\n温德霍斯特继续说：“在过去的两年里，他们通过选秀来降低薪金总额。我愿意相信费尔蒂塔和斯通，他们会花更多的钱来补强阵容。但是我会拭目以待，我可能不是唯一一个想看结果的人。他们拥有最难得到的东西，那就是特权球员、超级巨星。他正值壮年，他没有理由不继续前进。让我们拭目以待吧。”\n\n温德霍斯特的意思很明确，那就是31岁的哈登仍然在寻找自己的第一个总冠军，他与火箭的合同还剩有三年，但是可以在2022年夏天选择跳出合同成为自由球员。反过来，这使得2020-21赛季非常关键，因为如果火箭没能在2021年休赛期前成为一个真正的总冠军竞争者，没有给哈登留下一个长期留队的明确理由，那么火箭可能不得不开始考虑交易哈登，而不是冒险让他在2022年休赛期以自由球员的身份离开。\n\n另一方面，如果火箭通过使用中产特例签约自由球员来积极提升阵容，或许还会探索交易，那么他们可能会在上赛季排名西部第四的基础上再接再厉，给哈登一个更具说服力的理由来相信球队的长期规划。\n\n当自由球员市场大门在11月21日开启的时候，很多球迷都希望看到费尔蒂塔和斯通能够更加积极地花钱。如果哈登——联盟中唯一在过去四个赛季都入选最佳阵容第一阵容并入围MVP候选人的球员——也在密切关注，那并不会让人感到惊讶。', 'https://inews.gtimg.com/newsapp_bt/0/12750650332/1000', '1604969760', '篮球', '[{\"type\":\"word\",\"text\":\"北京时间11月10日，据《今日美国》报道，ESPN名记布莱恩-温德霍斯特表示，今年休赛期是火箭不惜缴纳奢侈税来补强阵容的时候，因为他们必须让詹姆斯-哈登高兴。\\n\\n火箭新任总经理拉斐尔-斯通最近的言论非常明确地表明了两件事情：他们计划在今年休赛期使用中产特例，他们计划在下赛季缴纳奢侈税。自从蒂尔曼-费尔蒂塔在2017年10月买下火箭以来，他们从来没有缴纳过奢侈税。\\n\\n但是出于几个原因，今年似乎有所不同。在ESPN的《The Jump》节目中，温德霍斯特提出了一个更重要的原因：让哈登高兴。\\n\\n“我认为斯通这次访谈的有趣之处在于，他非常清楚要缴纳奢侈税了，他要使用中产特例从而进入缴纳奢侈税的行列。”温德霍斯特说，“这是一个重要的信息，不仅仅对火箭球迷，也是对哈登的重要信息。因为哈登经历了很多变化，坦白地说，在过去的几年里，并不是所有的变化都是那么积极的。毫无疑问，火箭有一套很好的阵容，但是他们的阵容也很薄弱。他们需要更多的支持，但是他们离奢侈税太近了。”\\n\\n温德霍斯特继续说：“在过去的两年里，他们通过选秀来降低薪金总额。我愿意相信费尔蒂塔和斯通，他们会花更多的钱来补强阵容。但是我会拭目以待，我可能不是唯一一个想看结果的人。他们拥有最难得到的东西，那就是特权球员、超级巨星。他正值壮年，他没有理由不继续前进。让我们拭目以待吧。”\\n\\n温德霍斯特的意思很明确，那就是31岁的哈登仍然在寻找自己的第一个总冠军，他与火箭的合同还剩有三年，但是可以在2022年夏天选择跳出合同成为自由球员。反过来，这使得2020-21赛季非常关键，因为如果火箭没能在2021年休赛期前成为一个真正的总冠军竞争者，没有给哈登留下一个长期留队的明确理由，那么火箭可能不得不开始考虑交易哈登，而不是冒险让他在2022年休赛期以自由球员的身份离开。\\n\\n另一方面，如果火箭通过使用中产特例签约自由球员来积极提升阵容，或许还会探索交易，那么他们可能会在上赛季排名西部第四的基础上再接再厉，给哈登一个更具说服力的理由来相信球队的长期规划。\\n\\n当自由球员市场大门在11月21日开启的时候，很多球迷都希望看到费尔蒂塔和斯通能够更加积极地花钱。如果哈登——联盟中唯一在过去四个赛季都入选最佳阵容第一阵容并入围MVP候选人的球员——也在密切关注，那并不会让人感到惊讶。\"},{\"type\":\"photo\",\"uri\":\"https://inews.gtimg.com/newsapp_bt/0/12750650332/1000\"}]');
INSERT INTO `main_all` VALUES (33, 116, '字母哥可效仿乔治与雄鹿续约 想走就申请', '北京时间11月10日，ESPN名记布莱恩-文霍斯特在The Jump节目中表示，扬尼斯-阿德托昆博可以效仿保罗-乔治的做法与雄鹿续约，如果想走就申请交易，这样还能多拿点钱。\n\n2018年夏天，乔治和雷霆签下一份4年1.37亿美元的大合同，不过他在大约一年后就转投快船。文霍斯特此前透露，在乔治和雷霆签约时，他获得了可以通过交易离开雷霆的权利。\n\n文霍斯特说道：“就我所知，基本上雷霆告诉他，‘保罗（乔治），和我们续约吧，如果你想要离开的话，过来告诉我们一声，我们会和你一起合作，帮你搞定的。’”虽然目前没有其他消息源证明文霍斯特的话是对的，但乔治确实在一年后就离开雷霆了。\n\n如果字母哥选择留下雄鹿，他们可以签下一份5年价值大约2.216亿美元的合同，年薪4430万美元。如果他选择离开，他能够和其他球队签订一份4年1.408亿美元的合同，年薪约3520万美元。也就是说留下来的话，他每年大约能多赚900万美元。\n\n谈到字母哥当前的情况，文霍斯特表示：“对于球队管理层来说，这滋味可不好受。但是同时，如果扬尼斯与雄鹿提前续约，他就没有选择权了，看起来这样对雄鹿是最有益的。那么是否有折中的方法呢？是有还有商谈的余地呢？这是有可能的。\n\n“看看保罗-乔治和雷霆几年前的例子吧，它并未被公开。当时雷霆担心保罗-乔治离开，所以他们就说，‘为什么你不签下一份提前签订一份长约？你会和我们在一块。不管出于什么原因，你觉得自己不想再待在这儿了，我们会私下安静地交易走你。’一年后，果然发生了这样的事情。雷霆干净、安静地处理了那笔交易，双方都从中受益。\n\n“现在没人能够预测未来，但是扬尼斯-阿德托昆博那两份合同的价值相差8200万美元。那么雄鹿和扬尼斯能否达成秘密协议呢？这样他需要在雄鹿至少待两年，因为在你签下超级顶薪后的一年，你是无法被交易的。\n\n“你将效忠于球队，拿到你该拿的钱，没有什么压力，但同时你并不会完全放弃自己的选择权。我相信他们需要讨论一下这个方法。他们现在剩下的时间不多了，提前续约的终止时间是新赛季开赛前。”', 'https://inews.gtimg.com/newsapp_bt/0/12750633923/1000', '1604969340', '篮球', '[{\"type\":\"word\",\"text\":\"北京时间11月10日，ESPN名记布莱恩-文霍斯特在The Jump节目中表示，扬尼斯-阿德托昆博可以效仿保罗-乔治的做法与雄鹿续约，如果想走就申请交易，这样还能多拿点钱。\\n\\n2018年夏天，乔治和雷霆签下一份4年1.37亿美元的大合同，不过他在大约一年后就转投快船。文霍斯特此前透露，在乔治和雷霆签约时，他获得了可以通过交易离开雷霆的权利。\\n\\n文霍斯特说道：“就我所知，基本上雷霆告诉他，‘保罗（乔治），和我们续约吧，如果你想要离开的话，过来告诉我们一声，我们会和你一起合作，帮你搞定的。’”虽然目前没有其他消息源证明文霍斯特的话是对的，但乔治确实在一年后就离开雷霆了。\\n\\n如果字母哥选择留下雄鹿，他们可以签下一份5年价值大约2.216亿美元的合同，年薪4430万美元。如果他选择离开，他能够和其他球队签订一份4年1.408亿美元的合同，年薪约3520万美元。也就是说留下来的话，他每年大约能多赚900万美元。\\n\\n谈到字母哥当前的情况，文霍斯特表示：“对于球队管理层来说，这滋味可不好受。但是同时，如果扬尼斯与雄鹿提前续约，他就没有选择权了，看起来这样对雄鹿是最有益的。那么是否有折中的方法呢？是有还有商谈的余地呢？这是有可能的。\\n\\n“看看保罗-乔治和雷霆几年前的例子吧，它并未被公开。当时雷霆担心保罗-乔治离开，所以他们就说，‘为什么你不签下一份提前签订一份长约？你会和我们在一块。不管出于什么原因，你觉得自己不想再待在这儿了，我们会私下安静地交易走你。’一年后，果然发生了这样的事情。雷霆干净、安静地处理了那笔交易，双方都从中受益。\\n\\n“现在没人能够预测未来，但是扬尼斯-阿德托昆博那两份合同的价值相差8200万美元。那么雄鹿和扬尼斯能否达成秘密协议呢？这样他需要在雄鹿至少待两年，因为在你签下超级顶薪后的一年，你是无法被交易的。\\n\\n“你将效忠于球队，拿到你该拿的钱，没有什么压力，但同时你并不会完全放弃自己的选择权。我相信他们需要讨论一下这个方法。他们现在剩下的时间不多了，提前续约的终止时间是新赛季开赛前。”\"},{\"type\":\"photo\",\"uri\":\"https://inews.gtimg.com/newsapp_bt/0/12750633923/1000\"}]');
INSERT INTO `main_all` VALUES (34, 117, 'ESPN专家：仍有明星球员反对12月份开赛 詹姆斯态度已经转变', 'NBA联盟和美国篮球运动员工会已经初步达成一致意见，下个赛季将于今年12月23日开赛，各家球队将于12月2日开启训练营。对于新赛季何时开赛问题，最初大家意见很不统一，湖人队当家球星勒布朗-詹姆斯也一度反对12月份开赛。不过，ESPN专家Brian Windhorst透露，詹姆斯现在的态度已经有所转变，不再反对新赛季12月份开赛，但是仍然有一些明星球员反对12月份开赛。\n\n此前，湖人前锋丹尼-格林参加一档播客节目谈到12月23日的新赛季开始日期时表示：“勒布朗在他的17个赛季里10次打入总决赛，这让人难以置信。精神上，那么做很磨人。而那么快重新开赛……我预计不会看到他。我不会预期在大概头一个月看到他。他可能会和我们一起训练，出场打一些时间，但此时此刻，我不认为球员们希望出现，或者很情愿地现身。”\n\n后来，詹姆斯在参加一个电视节目时甚至与美国前总统奥巴马开玩笑称，他可能会在新赛季的前半程选择性地打一些比赛，有些比赛会选择轮休，把扛起球队前进的主要工作都交给安东尼-戴维斯去做。\n\n无论是格林透露的消息还是詹姆斯所说的话都传递出一个信号，那就是詹姆斯本人对新赛季于12月份开赛并不是那么兴奋。和詹姆斯私交很不错的ESPN专家Brian Windhorst今天在ESPN的SportsCenter节目中透露，至少詹姆斯现在的态度已经有所转变，他现在已经认识到新赛季于12月份开打的必要性。\n\n“这既是好消息也是坏消息。我觉得，我们作为球迷，所有人都应该感到高兴，因为球员们已经同意新赛季于圣诞节开打。”Brian Windhorst说道，“你们可以看到，很多球员在社交媒体上对这一消息感到兴奋并为此庆祝。但是，实际上只有半数球员真正赞成新赛季于12月份开打，他们当中有些人是不同意财政方面的安排，这并不是什么大问题，他们有可能后面会再度展开谈判，完成这项任务。”\n\n“目前，仍然有一些球员反对财政分配计划，觉得这并不是一个足够好的方案，所以他们也反对新赛季于12月份开打。勒布朗-詹姆斯并不在这些球员行列。”Brian Windhorst继续说道，“据我所了解的情况，勒布朗在这个问题上的态度已经有所转变，他将会支持新赛季于12月份开打，因为他知道这对于NBA生意来说很重要。但是，仍然有一些家伙想要在财政问题上更多折腾一番。”', 'https://inews.gtimg.com/newsapp_bt/0/12750739927/1000', '1604971140', '篮球', '[{\"type\":\"word\",\"text\":\"NBA联盟和美国篮球运动员工会已经初步达成一致意见，下个赛季将于今年12月23日开赛，各家球队将于12月2日开启训练营。对于新赛季何时开赛问题，最初大家意见很不统一，湖人队当家球星勒布朗-詹姆斯也一度反对12月份开赛。不过，ESPN专家Brian Windhorst透露，詹姆斯现在的态度已经有所转变，不再反对新赛季12月份开赛，但是仍然有一些明星球员反对12月份开赛。\\n\\n此前，湖人前锋丹尼-格林参加一档播客节目谈到12月23日的新赛季开始日期时表示：“勒布朗在他的17个赛季里10次打入总决赛，这让人难以置信。精神上，那么做很磨人。而那么快重新开赛……我预计不会看到他。我不会预期在大概头一个月看到他。他可能会和我们一起训练，出场打一些时间，但此时此刻，我不认为球员们希望出现，或者很情愿地现身。”\\n\\n后来，詹姆斯在参加一个电视节目时甚至与美国前总统奥巴马开玩笑称，他可能会在新赛季的前半程选择性地打一些比赛，有些比赛会选择轮休，把扛起球队前进的主要工作都交给安东尼-戴维斯去做。\\n\\n无论是格林透露的消息还是詹姆斯所说的话都传递出一个信号，那就是詹姆斯本人对新赛季于12月份开赛并不是那么兴奋。和詹姆斯私交很不错的ESPN专家Brian Windhorst今天在ESPN的SportsCenter节目中透露，至少詹姆斯现在的态度已经有所转变，他现在已经认识到新赛季于12月份开打的必要性。\\n\\n“这既是好消息也是坏消息。我觉得，我们作为球迷，所有人都应该感到高兴，因为球员们已经同意新赛季于圣诞节开打。”Brian Windhorst说道，“你们可以看到，很多球员在社交媒体上对这一消息感到兴奋并为此庆祝。但是，实际上只有半数球员真正赞成新赛季于12月份开打，他们当中有些人是不同意财政方面的安排，这并不是什么大问题，他们有可能后面会再度展开谈判，完成这项任务。”\\n\\n“目前，仍然有一些球员反对财政分配计划，觉得这并不是一个足够好的方案，所以他们也反对新赛季于12月份开打。勒布朗-詹姆斯并不在这些球员行列。”Brian Windhorst继续说道，“据我所了解的情况，勒布朗在这个问题上的态度已经有所转变，他将会支持新赛季于12月份开打，因为他知道这对于NBA生意来说很重要。但是，仍然有一些家伙想要在财政问题上更多折腾一番。”\"},{\"type\":\"photo\",\"uri\":\"https://inews.gtimg.com/newsapp_bt/0/12750739927/1000\"}]');
INSERT INTO `main_all` VALUES (35, 118, '丛明晨10记三分辽宁35分大胜广州 郭艾伦迎得分里程碑', '北京时间11月9日，CBA第10轮辽宁与广州展开焦点对决，郭士强首次率队面对老东家。辽宁前两节均将广州限制到单节仅得到13分，并在下半场继续压制广州不断拉开比分，最终辽宁以117-82轻取广州斩获赛季第9胜，郭艾伦本场总分超越孟达迎来里程碑，而丛明晨狂轰10记三分，这也追平了现役球员单场三分纪录。\n\n数据统计\n\n辽宁：梅奥21分10篮板4助攻，郭艾伦13分8助攻，韩德君13分8篮板，丛明晨10记三分得到33分，赵继伟17分6助攻，张镇麟2分，吴昌泽5分。\n\n广州：摩尔24分，斯贝茨7分8篮板，哈斯4分，祝铭震7中0得到2分，陈盈骏10分。\n\n本场最佳：丛明晨10记三分\n\n丛明晨疯狂打进10记三分，斩获全场最高的33分，用神勇表现率队大胜广州。10记三分也追平了由吴前、原帅和陈林坚保持的单场三分纪录。\n\n本场焦点\n\n交锋历史\n\n两队过往历史有48次交锋，辽宁以32胜16负处于上风。伴随本场辽宁击败广州，双方交锋战绩改写为辽宁33胜16负。\n\n郭士强首次率广州对决老东家\n\n郭士强是执教辽宁多年的功勋主帅，还曾经率队夺得队史首座CBA总冠军，但上赛季复赛阶段初期无奈下课。如今郭士强转投广州开启全新执教旅程，本场是郭士强首次率广州对阵老东家，而郭艾伦带领辽宁球员在赛前与郭士强一一握手问好。\n\n郭艾伦总分超孟达迎里程碑\n\n郭艾伦CBA生涯总得分提升到6534分，超越孟达的6527分，升至CBA历史第23位。\n\n比赛回顾\n\n首节广州在前5分钟疯狂打铁一分未得，全队合计9投0中还送出4次失误，辽宁进攻效率也不高，但郭艾伦连续两次突击内线打进，刘志轩也反击得手，外加韩德君两罚一中取得7-0领先。陈盈骏急停跳投打进广州首球，斯贝茨与祝铭震也继续追分，广州一波6-0攻势迫近比分。韩德君与赵继伟各得2分，陈盈骏干拔三分，赵继伟两罚全中，哈斯与陈盈骏连续造犯规均两罚全中扳平比分，赵继伟已经3犯被换下场。梅奥三分，朱荣振大帽哈斯，郑准也大帽郭艾伦，丛明晨压哨三分，首节辽宁以19-13领先广州。两队首节效率均不高，辽宁23中6，三分仅10中2，广州则是仅19中3，三分7中1。\n\n次节开局司坤造犯规两罚不中，杨鸣抱怨吃T后，司坤继续罚球命中，韩德君强吃斯贝茨得手，孙鸣阳回敬2分，梅奥与斯贝茨对攻一记三分。郭艾伦连攻带传引领辽宁内外开花，郭艾伦连续3次助攻连线丛明晨、张镇麟与韩德君砍分，辽宁一波11-0攻势取得35-19领先。郑准三分止血，郭艾伦立即回敬三分，韩德君吃饼，梅奥也打进三分取得43-22领先。哈斯空篮打进，梅奥干拔2分，摩尔两罚全中，辽宁单节以26-13净胜13分，上半场结束辽宁已经以45-26领先广州19分。\n\n易边再战，广州本节派出双外援作战，摩尔率先打进三分，刘志轩压哨2分，郭艾伦拉人犯规后抱怨吃T，送郑准罚中一球。斯贝茨与摩尔继续追分，梅奥三分与郭艾伦急停打进，摩尔两罚全中，韩德君吃饼暴扣，摩尔继续三分追分。辽宁连杀内线打出6-2攻势，摩尔强打2+1，刘志轩与司坤对攻三分，梅奥干拔三分，刘志轩两罚全中扩大21分优势。赵继伟连续打进两记三分，广州不断杀禁区造犯规罚球取分，丛明晨也打进三分取得24分优势。哈斯再得2分，赵继伟两罚全中，前三节结束辽宁以79-56领先广州。\n\n辽宁带着23分优势进入末节，辽宁率先打出一波8-2攻势逼停广州，其中丛明晨连续打进两记三分。重回比赛，赵继伟也打进三分扩大32分优势，孙鸣阳强打2+1，张镇麟与吴昌泽携手打出7-0攻势，辽宁已经以97-61领先36分巨大优势逼停广州。由于双方之间比分相差悬殊，比赛已经提前进入垃圾时间失去悬念，双方随后逐步撤下主力球员，最终辽宁轻取广州取得赛季第9胜。\n\n双方首发\n\n辽宁：郭艾伦、梅奥、刘志轩、吴昌泽、韩德君\n\n广州：祝铭震、摩尔、陈盈骏、郑准、孙鸣阳\n\n下轮对阵\n\n11月11日15点30：广州VS北控\n\n11月11日20点00：辽宁VS吉林', 'https://inews.gtimg.com/newsapp_bt/0/12749496218/1000\nhttps://inews.gtimg.com/newsapp_bt/0/12749496222/1000\nhttps://inews.gtimg.com/newsapp_bt/0/12749496220/1000\nhttps://inews.gtimg.com/newsapp_bt/0/12749496217/1000\nhttps://inews.gtimg.com/newsapp_bt/0/12749496265/1000', '1604930100', '篮球', '[{\"type\":\"word\",\"text\":\"北京时间11月9日，CBA第10轮辽宁与广州展开焦点对决，郭士强首次率队面对老东家。辽宁前两节均将广州限制到单节仅得到13分，并在下半场继续压制广州不断拉开比分，最终辽宁以117-82轻取广州斩获赛季第9胜，郭艾伦本场总分超越孟达迎来里程碑，而丛明晨狂轰10记三分，这也追平了现役球员单场三分纪录。\\n\\n数据统计\\n\\n辽宁：梅奥21分10篮板4助攻，郭艾伦13分8助攻，韩德君13分8篮板，丛明晨10记三分得到33分，赵继伟17分6助攻，张镇麟2分，吴昌泽5分。\\n\\n广州：摩尔24分，斯贝茨7分8篮板，哈斯4分，祝铭震7中0得到2分，陈盈骏10分。\\n\\n本场最佳：丛明晨10记三分\\n\\n丛明晨疯狂打进10记三分，斩获全场最高的33分，用神勇表现率队大胜广州。10记三分也追平了由吴前、原帅和陈林坚保持的单场三分纪录。\\n\\n本场焦点\\n\\n交锋历史\\n\\n两队过往历史有48次交锋，辽宁以32胜16负处于上风。伴随本场辽宁击败广州，双方交锋战绩改写为辽宁33胜16负。\\n\\n郭士强首次率广州对决老东家\\n\\n郭士强是执教辽宁多年的功勋主帅，还曾经率队夺得队史首座CBA总冠军，但上赛季复赛阶段初期无奈下课。如今郭士强转投广州开启全新执教旅程，本场是郭士强首次率广州对阵老东家，而郭艾伦带领辽宁球员在赛前与郭士强一一握手问好。\\n\\n郭艾伦总分超孟达迎里程碑\\n\\n郭艾伦CBA生涯总得分提升到6534分，超越孟达的6527分，升至CBA历史第23位。\\n\\n比赛回顾\\n\\n首节广州在前5分钟疯狂打铁一分未得，全队合计9投0中还送出4次失误，辽宁进攻效率也不高，但郭艾伦连续两次突击内线打进，刘志轩也反击得手，外加韩德君两罚一中取得7-0领先。陈盈骏急停跳投打进广州首球，斯贝茨与祝铭震也继续追分，广州一波6-0攻势迫近比分。韩德君与赵继伟各得2分，陈盈骏干拔三分，赵继伟两罚全中，哈斯与陈盈骏连续造犯规均两罚全中扳平比分，赵继伟已经3犯被换下场。梅奥三分，朱荣振大帽哈斯，郑准也大帽郭艾伦，丛明晨压哨三分，首节辽宁以19-13领先广州。两队首节效率均不高，辽宁23中6，三分仅10中2，广州则是仅19中3，三分7中1。\\n\\n次节开局司坤造犯规两罚不中，杨鸣抱怨吃T后，司坤继续罚球命中，韩德君强吃斯贝茨得手，孙鸣阳回敬2分，梅奥与斯贝茨对攻一记三分。郭艾伦连攻带传引领辽宁内外开花，郭艾伦连续3次助攻连线丛明晨、张镇麟与韩德君砍分，辽宁一波11-0攻势取得35-19领先。郑准三分止血，郭艾伦立即回敬三分，韩德君吃饼，梅奥也打进三分取得43-22领先。哈斯空篮打进，梅奥干拔2分，摩尔两罚全中，辽宁单节以26-13净胜13分，上半场结束辽宁已经以45-26领先广州19分。\\n\\n易边再战，广州本节派出双外援作战，摩尔率先打进三分，刘志轩压哨2分，郭艾伦拉人犯规后抱怨吃T，送郑准罚中一球。斯贝茨与摩尔继续追分，梅奥三分与郭艾伦急停打进，摩尔两罚全中，韩德君吃饼暴扣，摩尔继续三分追分。辽宁连杀内线打出6-2攻势，摩尔强打2+1，刘志轩与司坤对攻三分，梅奥干拔三分，刘志轩两罚全中扩大21分优势。赵继伟连续打进两记三分，广州不断杀禁区造犯规罚球取分，丛明晨也打进三分取得24分优势。哈斯再得2分，赵继伟两罚全中，前三节结束辽宁以79-56领先广州。\\n\\n辽宁带着23分优势进入末节，辽宁率先打出一波8-2攻势逼停广州，其中丛明晨连续打进两记三分。重回比赛，赵继伟也打进三分扩大32分优势，孙鸣阳强打2+1，张镇麟与吴昌泽携手打出7-0攻势，辽宁已经以97-61领先36分巨大优势逼停广州。由于双方之间比分相差悬殊，比赛已经提前进入垃圾时间失去悬念，双方随后逐步撤下主力球员，最终辽宁轻取广州取得赛季第9胜。\\n\\n双方首发\\n\\n辽宁：郭艾伦、梅奥、刘志轩、吴昌泽、韩德君\\n\\n广州：祝铭震、摩尔、陈盈骏、郑准、孙鸣阳\\n\\n下轮对阵\\n\\n11月11日15点30：广州VS北控\\n\\n11月11日20点00：辽宁VS吉林\"},{\"type\":\"photo\",\"uri\":\"https://inews.gtimg.com/newsapp_bt/0/12749496218/1000\"},{\"type\":\"photo\",\"uri\":\"https://inews.gtimg.com/newsapp_bt/0/12749496222/1000\"},{\"type\":\"photo\",\"uri\":\"https://inews.gtimg.com/newsapp_bt/0/12749496220/1000\"},{\"type\":\"photo\",\"uri\":\"https://inews.gtimg.com/newsapp_bt/0/12749496217/1000\"},{\"type\":\"photo\",\"uri\":\"https://inews.gtimg.com/newsapp_bt/0/12749496265/1000\"}]');
INSERT INTO `main_all` VALUES (36, 119, '3连胜＋6场不败，或许穆帅已经找到属于他的完美中场线！', '自从去年秋天上任以来，穆帅经常对人员进行调整，以寻找最佳方案来释放球队的真正潜力。即使在这个赛季，穆里尼奥也一直在调整阵容，试图找到中场问题的答案。如今，穆里尼奥在英超连续4场使用相同的中场组合，这令人不仅陷入遐想......\n\n在首个比赛日做客埃弗顿的比赛中，安切洛蒂的太妃糖轻松战胜了笨重而无精打采的热刺。热刺的温克斯、霍伊别尔和阿里的中场线表现让人大失所望。这一套中场阵容在对阵纽卡和南安普顿的比赛中都表现平平，刺迷们赛季伊始便开始担心起球队的稳定性。\n\n在第四轮联赛面对曼联时，穆里尼奥做出改变，让西索科、霍伊别尔和恩东贝莱一起首发，最终热刺以6比1大胜红魔。本赛季首度登场的恩东贝莱打进了他新赛季的处子球，而霍伊别尔则是自2019年12月以来奉献个人英超首次助攻。\n\n穆里尼奥的球队成为了第2支在老特拉福德打进6球的球队，同时他们也让曼联品尝到了征战英超以来的最大败果。自此之后，穆里尼奥一直忠于他的这套中场组合，也使得北伦敦球队在积分榜上的排名一度杀入前四。\n\n接下来对西汉姆的比赛，热刺迅速在16分钟内取得3-0领先，完全掌控了德比大战的主动权。然而当穆帅在第73分钟换下恩东贝莱之后，莫耶斯的球队便开始反扑，最终实现了历史性的扳平。此后在对布莱顿的比赛中，穆帅肯定了恩东贝莱在中场的决定性作用，直到第80分钟才将其替换下场，最终以2-1的比分带走胜利。\n\n穆帅让霍伊别尔稳定了中场，保护了后防线，而步伐灵活的西索科以及恩东贝莱则能够向前场不断施压。在过去的4场比赛中，恩东贝莱在对手禁区内的平均触球次数（3.16）和射门次数（1.26）都超过以往的表现，着实让人大吃一惊。\n\n穆里尼奥最近形容恩东贝莱已经“脱胎换骨”，他在热刺1-0小胜伯恩利的比赛中，也特别表扬了这名中场球员。恩东贝莱俨然已经成为穆里尼奥如今胜利的关键人物，并向球迷证明了他的高昂身价是合理的。\n\n在最近4场联赛中，热刺平均每90分钟的机会（10.25）比穆里尼奥以往执教球队的29场比赛（8.72）更多，场均射门（12.75比11.55），传球（541.25比480.52），触球（722比678.31），抢断（18.75比17.21），拦截（10.25比10.1）和控球（4.75比4）各项数据都有显著提升。此外，热刺在最近3场英超联赛中都取得了胜利，或许穆帅终于在热刺找到了属于他的关键中场三人组。', 'https://inews.gtimg.com/newsapp_bt/0/12751015867/1000\nhttps://inews.gtimg.com/newsapp_bt/0/12751020879/1000\nhttps://inews.gtimg.com/newsapp_bt/0/12751022283/1000', '1604975160', '足球', '[{\"type\":\"word\",\"text\":\"自从去年秋天上任以来，穆帅经常对人员进行调整，以寻找最佳方案来释放球队的真正潜力。即使在这个赛季，穆里尼奥也一直在调整阵容，试图找到中场问题的答案。如今，穆里尼奥在英超连续4场使用相同的中场组合，这令人不仅陷入遐想......\\n\\n在首个比赛日做客埃弗顿的比赛中，安切洛蒂的太妃糖轻松战胜了笨重而无精打采的热刺。热刺的温克斯、霍伊别尔和阿里的中场线表现让人大失所望。这一套中场阵容在对阵纽卡和南安普顿的比赛中都表现平平，刺迷们赛季伊始便开始担心起球队的稳定性。\\n\\n在第四轮联赛面对曼联时，穆里尼奥做出改变，让西索科、霍伊别尔和恩东贝莱一起首发，最终热刺以6比1大胜红魔。本赛季首度登场的恩东贝莱打进了他新赛季的处子球，而霍伊别尔则是自2019年12月以来奉献个人英超首次助攻。\\n\\n穆里尼奥的球队成为了第2支在老特拉福德打进6球的球队，同时他们也让曼联品尝到了征战英超以来的最大败果。自此之后，穆里尼奥一直忠于他的这套中场组合，也使得北伦敦球队在积分榜上的排名一度杀入前四。\\n\\n接下来对西汉姆的比赛，热刺迅速在16分钟内取得3-0领先，完全掌控了德比大战的主动权。然而当穆帅在第73分钟换下恩东贝莱之后，莫耶斯的球队便开始反扑，最终实现了历史性的扳平。此后在对布莱顿的比赛中，穆帅肯定了恩东贝莱在中场的决定性作用，直到第80分钟才将其替换下场，最终以2-1的比分带走胜利。\\n\\n穆帅让霍伊别尔稳定了中场，保护了后防线，而步伐灵活的西索科以及恩东贝莱则能够向前场不断施压。在过去的4场比赛中，恩东贝莱在对手禁区内的平均触球次数（3.16）和射门次数（1.26）都超过以往的表现，着实让人大吃一惊。\\n\\n穆里尼奥最近形容恩东贝莱已经“脱胎换骨”，他在热刺1-0小胜伯恩利的比赛中，也特别表扬了这名中场球员。恩东贝莱俨然已经成为穆里尼奥如今胜利的关键人物，并向球迷证明了他的高昂身价是合理的。\\n\\n在最近4场联赛中，热刺平均每90分钟的机会（10.25）比穆里尼奥以往执教球队的29场比赛（8.72）更多，场均射门（12.75比11.55），传球（541.25比480.52），触球（722比678.31），抢断（18.75比17.21），拦截（10.25比10.1）和控球（4.75比4）各项数据都有显著提升。此外，热刺在最近3场英超联赛中都取得了胜利，或许穆帅终于在热刺找到了属于他的关键中场三人组。\"},{\"type\":\"photo\",\"uri\":\"https://inews.gtimg.com/newsapp_bt/0/12751015867/1000\"},{\"type\":\"photo\",\"uri\":\"https://inews.gtimg.com/newsapp_bt/0/12751020879/1000\"},{\"type\":\"photo\",\"uri\":\"https://inews.gtimg.com/newsapp_bt/0/12751022283/1000\"}]');
INSERT INTO `main_all` VALUES (37, 120, '恒大“七外援”最强阵容来了！记者：亚冠报名4外援＋3归化', '据恒大跟队记者成金朝消息，广州恒大队已经提交亚冠大名单，其中包括3名归化球员（费南多、艾克森，洛国富）和4名外援（保利尼奥、塔利斯卡、蒋光太，朴志洙）。\n\n据了解，归化球员艾克森、费南多和洛国富已经全部获得代表国足出战的资格，所以在亚冠赛场，三人可以以内援的身份出战。\n\n恒大队内的另外一名入籍球员蒋光太刚刚完成国际足联的会籍转换，据恒大跟队记者成金朝消息，由于在第一次亚冠报名之时国际足联的转换协会证明还没确认，因此他这次将以外援身份出战亚冠。\n\n由于疫情原因，今年的亚冠联赛一拖再拖。最终，东亚区赛事也放在了多哈以赛会制进行，恒大将会在11月19日迎来首战。而足协杯则在11月25日开打，所以进入了足协杯的恒大就需要在亚冠以及足协杯中做出取舍。恒大亚冠的第一次球员报名在10月中已经递交，而11月9日是名单调整的最终时间。', 'https://inews.gtimg.com/newsapp_bt/0/12750704772/1000', '1604970600', '足球', '[{\"type\":\"word\",\"text\":\"据恒大跟队记者成金朝消息，广州恒大队已经提交亚冠大名单，其中包括3名归化球员（费南多、艾克森，洛国富）和4名外援（保利尼奥、塔利斯卡、蒋光太，朴志洙）。\\n\\n据了解，归化球员艾克森、费南多和洛国富已经全部获得代表国足出战的资格，所以在亚冠赛场，三人可以以内援的身份出战。\\n\\n恒大队内的另外一名入籍球员蒋光太刚刚完成国际足联的会籍转换，据恒大跟队记者成金朝消息，由于在第一次亚冠报名之时国际足联的转换协会证明还没确认，因此他这次将以外援身份出战亚冠。\\n\\n由于疫情原因，今年的亚冠联赛一拖再拖。最终，东亚区赛事也放在了多哈以赛会制进行，恒大将会在11月19日迎来首战。而足协杯则在11月25日开打，所以进入了足协杯的恒大就需要在亚冠以及足协杯中做出取舍。恒大亚冠的第一次球员报名在10月中已经递交，而11月9日是名单调整的最终时间。\"},{\"type\":\"photo\",\"uri\":\"https://inews.gtimg.com/newsapp_bt/0/12750704772/1000\"}]');
INSERT INTO `main_all` VALUES (38, 121, '中超告别战！曝2大高薪外援将走人，每天收入合计80万，都不想续约', '接下来3天之内，本赛季中超将进行最后一轮，其中部分外援会迎来中超告别战，包括了胡尔克、佩莱、巴索戈等人，再过一个多月，不出意外这些外援都自由身离开。作为中超两大高薪外援，佩莱和胡尔克都不想续约，因为新合同待遇太低了，接受不了。\n\n今日，据PP体育的报道，不少外援的合同在今年年底到期，意味着最后一轮是他们在中超的告别战，包括了鲁能的佩莱、上港的胡尔克、建业的巴索戈、富力的托西奇、泰达的乔纳森和巴斯蒂安斯等等。\n\n其中胡尔克和佩莱，无疑是中超的大牌球星，前者是昔日巴西队的国脚，而后者是昔日意大利队的国脚，两人都是在2016年夏季来到中超踢球，最主要的原因还是赚取的收入很高。\n\n其中胡尔克在上海上港的年薪高达2200万欧元（约合人民币1.7亿元），折射日薪的话，每天收入就是47万元人民币，排名中超第二，仅次于他的巴西老乡奥斯卡。\n\n比起前几个赛季，现在的胡尔克场上抱怨队友和裁判，次数是越来越大，与此同时大多数比赛成为拖慢球队进攻节奏的因素。\n\n比起胡尔克，佩莱在山东鲁能的年薪低一些，意大利媒体爆料过年薪1500万欧元（约合人民币1.2亿元左右），折算每天的收入为33万元人民币，是当今意大利足坛年薪最高的球员。\n\n同样，佩莱本赛季状态下降十分明显，上赛季中超打进17球，而本赛季中超却打进8球，5-6名排位赛首回合面对重庆当代，佩莱一分钟都没有出场，鲁能已经在坚持地面进攻，格德斯得到重用，佩莱变得可有可无。\n\n据德转的信息显示，胡尔克和佩莱跟各自球队的合同在今年12月底到期，为何迟迟没有续约呢？因为本赛季中超开始实行限薪令，各队外援的顶薪，不能超过税后300万欧元，对于拿2200万欧元年薪的胡尔克，以及拿1500万欧元年薪的佩莱来说，自然很难接受，不想续约之后，即将自由身走人。', 'https://inews.gtimg.com/newsapp_bt/0/12750933874/1000\nhttps://inews.gtimg.com/newsapp_bt/0/12750933880/1000\nhttps://inews.gtimg.com/newsapp_match/0/12750933915/0\nhttps://inews.gtimg.com/newsapp_bt/0/12750933872/1000\nhttps://inews.gtimg.com/newsapp_bt/0/12750933878/1000', '1604974020', '足球', '[{\"type\":\"word\",\"text\":\"接下来3天之内，本赛季中超将进行最后一轮，其中部分外援会迎来中超告别战，包括了胡尔克、佩莱、巴索戈等人，再过一个多月，不出意外这些外援都自由身离开。作为中超两大高薪外援，佩莱和胡尔克都不想续约，因为新合同待遇太低了，接受不了。\\n\\n今日，据PP体育的报道，不少外援的合同在今年年底到期，意味着最后一轮是他们在中超的告别战，包括了鲁能的佩莱、上港的胡尔克、建业的巴索戈、富力的托西奇、泰达的乔纳森和巴斯蒂安斯等等。\\n\\n其中胡尔克和佩莱，无疑是中超的大牌球星，前者是昔日巴西队的国脚，而后者是昔日意大利队的国脚，两人都是在2016年夏季来到中超踢球，最主要的原因还是赚取的收入很高。\\n\\n其中胡尔克在上海上港的年薪高达2200万欧元（约合人民币1.7亿元），折射日薪的话，每天收入就是47万元人民币，排名中超第二，仅次于他的巴西老乡奥斯卡。\\n\\n比起前几个赛季，现在的胡尔克场上抱怨队友和裁判，次数是越来越大，与此同时大多数比赛成为拖慢球队进攻节奏的因素。\\n\\n比起胡尔克，佩莱在山东鲁能的年薪低一些，意大利媒体爆料过年薪1500万欧元（约合人民币1.2亿元左右），折算每天的收入为33万元人民币，是当今意大利足坛年薪最高的球员。\\n\\n同样，佩莱本赛季状态下降十分明显，上赛季中超打进17球，而本赛季中超却打进8球，5-6名排位赛首回合面对重庆当代，佩莱一分钟都没有出场，鲁能已经在坚持地面进攻，格德斯得到重用，佩莱变得可有可无。\\n\\n据德转的信息显示，胡尔克和佩莱跟各自球队的合同在今年12月底到期，为何迟迟没有续约呢？因为本赛季中超开始实行限薪令，各队外援的顶薪，不能超过税后300万欧元，对于拿2200万欧元年薪的胡尔克，以及拿1500万欧元年薪的佩莱来说，自然很难接受，不想续约之后，即将自由身走人。\"},{\"type\":\"photo\",\"uri\":\"https://inews.gtimg.com/newsapp_bt/0/12750933874/1000\"},{\"type\":\"photo\",\"uri\":\"https://inews.gtimg.com/newsapp_bt/0/12750933880/1000\"},{\"type\":\"photo\",\"uri\":\"https://inews.gtimg.com/newsapp_match/0/12750933915/0\"},{\"type\":\"photo\",\"uri\":\"https://inews.gtimg.com/newsapp_bt/0/12750933872/1000\"},{\"type\":\"photo\",\"uri\":\"https://inews.gtimg.com/newsapp_bt/0/12750933878/1000\"}]');
INSERT INTO `main_all` VALUES (39, 122, '中超赛季收官轮今日拉开帷幕，这些比赛值得看！', '中新网客户端11月10日电 2020赛季中超联赛已经进入尾声阶段。10日下午，一同开赛的5场对决将拉开中超末轮帷幕。\n\n中超末轮赛程。图片来源：中超联赛\n\n末轮比赛中，天津泰达、河南建业两支第一阶段的榜尾球队将展开9、10名排位赛，首回合中双方0:0战平，本场的胜者即可拿下赛季第9。\n\n其余三场比赛没有太大悬念，首回合中三球完胜的大连人将对阵广州富力，进行11、12名排位赛。首回合2:0取胜的深足对阵青岛黄海，进行13、14名排位赛。争冠组7、8名排位赛中，上海申花对阵河北华夏幸福，首回合比赛中前者4:1取胜。\n\n5、6名排位赛相对具有看点，山东鲁能将对阵重庆当代。首回合比赛中，鲁能在3球领先的情况下惨遭重庆逆转。\n\n11日15:30，石家庄永昌将与武汉卓尔展开保级大战，负者直接降级，胜者将与中甲球队浙江绿城展开升降级附加赛。19:35，北京国安将与上海上港展开3、4名之争，胜者获得亚冠资格。首回合比赛中，国安2:1上港占得先机。\n\n最重磅的争冠大战将在12日晚上演，19：35，广州恒大将对阵江苏苏宁，双方首回合0:0闷平，此役胜者即可荣膺本赛季中超冠军。(完)', 'https://inews.gtimg.com/newsapp_match/0/12751464261/0', '1604980620', '足球', '[{\"type\":\"word\",\"text\":\"中新网客户端11月10日电 2020赛季中超联赛已经进入尾声阶段。10日下午，一同开赛的5场对决将拉开中超末轮帷幕。\\n\\n中超末轮赛程。图片来源：中超联赛\\n\\n末轮比赛中，天津泰达、河南建业两支第一阶段的榜尾球队将展开9、10名排位赛，首回合中双方0:0战平，本场的胜者即可拿下赛季第9。\\n\\n其余三场比赛没有太大悬念，首回合中三球完胜的大连人将对阵广州富力，进行11、12名排位赛。首回合2:0取胜的深足对阵青岛黄海，进行13、14名排位赛。争冠组7、8名排位赛中，上海申花对阵河北华夏幸福，首回合比赛中前者4:1取胜。\\n\\n5、6名排位赛相对具有看点，山东鲁能将对阵重庆当代。首回合比赛中，鲁能在3球领先的情况下惨遭重庆逆转。\\n\\n11日15:30，石家庄永昌将与武汉卓尔展开保级大战，负者直接降级，胜者将与中甲球队浙江绿城展开升降级附加赛。19:35，北京国安将与上海上港展开3、4名之争，胜者获得亚冠资格。首回合比赛中，国安2:1上港占得先机。\\n\\n最重磅的争冠大战将在12日晚上演，19：35，广州恒大将对阵江苏苏宁，双方首回合0:0闷平，此役胜者即可荣膺本赛季中超冠军。(完)\"},{\"type\":\"photo\",\"uri\":\"https://inews.gtimg.com/newsapp_match/0/12751464261/0\"}]');
INSERT INTO `main_all` VALUES (40, 123, '韩足协：金玟哉朴志洙不参加本期国家队集训', '金玟哉不参加本期韩国国家队集训。资料图/国安俱乐部\n\n新京报讯 韩国足协官方今日宣布，金玟哉和朴志洙两名后卫不会参加本期国家队集训。两人分别所在的北京中赫国安和广州恒大本赛季征程仍未结束，两队将在下周出战亚冠东亚区赛事，而韩国国家队将在11月14日和17日在奥地利进行两场热身赛。\n\n编辑 韩双明', 'https://inews.gtimg.com/newsapp_bt/0/12388392979/1000', '1604976000', '足球', '[{\"type\":\"word\",\"text\":\"金玟哉不参加本期韩国国家队集训。资料图/国安俱乐部\\n\\n新京报讯 韩国足协官方今日宣布，金玟哉和朴志洙两名后卫不会参加本期国家队集训。两人分别所在的北京中赫国安和广州恒大本赛季征程仍未结束，两队将在下周出战亚冠东亚区赛事，而韩国国家队将在11月14日和17日在奥地利进行两场热身赛。\\n\\n编辑 韩双明\"},{\"type\":\"photo\",\"uri\":\"https://inews.gtimg.com/newsapp_bt/0/12388392979/1000\"}]');
INSERT INTO `main_all` VALUES (42, 113, '湖人用底薪签场均12+10冠军悍将？难！他还想要千万年薪', '近日有报道称特里斯坦-汤普森进入湖人引援心仪名单，跟踪报道骑士的记者克里斯-费多尔透露，汤普森还在与骑士商讨续约，汤普森不希望新合同年薪较上赛季的薪水低太多，而专家指出汤普森目前的身价恐怕只是底薪水平。\n\n汤普森上赛季场均为骑士贡献12分10.1篮板，他的合同到期，骑士愿意留下汤普森，但前提是价钱合适。据悉，到目前为止，双方的分歧集中在骑士给出的报价低于汤普森的预期值。汤普森上赛季的工资是1850万美元，他不希望新合同的年薪下降太多，也就是仍维持千万级别，但市场现状与他的期待有很大的距离。\n\nThe Athletic的数据专家约翰-霍林格与ESPN的资深记者布莱恩-温德霍斯特都指出，汤普森在自由球员市场的价值可能就是底薪水平，骑士也许会给的更多一些，但恐怕难以达到汤普森要求的价位。汤普森需要做出决定，是继续留在骑士多赚钱，还是少拿钱去一支争冠队伍，他必须要明白，处于冠军争夺者行列的球队，不太可能给他开出大合同的。\n\n如果汤普森不与骑士续约，骑士可能会拆分中产特例去签一位中锋填补空缺，哈里-贾尔斯、阿隆-贝恩斯、索恩-梅克和诺伦斯-诺埃尔将进入骑士引援候选名单。\n\n之前有知情人士透露，湖人、快船和猛龙都对汤普森感兴趣。汤普森的特点是身体素质出色，拼抢能力很强，但他的射程有限，虽然上赛季努力开发三分球，但场均0.4次三分出手还不足以说明问题。\n\n汤普森曾与詹姆斯在骑士合作4个赛季，在2016年拿到总冠军。汤普森与詹姆斯在配合默契方面没有问题，如果他加入湖人，可以省去很多磨合的时间。另外，汤普森与詹姆斯以及湖人另一位球星安东尼-戴维斯都是里奇-保罗的客户，他们之间的私人关系也很好，有利于更衣室的稳定。\n\n现在的问题是如果湖人想抢购汤普森，愿意给出怎样的合同，毕竟相对于快船，湖人内线并不缺人，续签戴维斯从目前来看只是时间问题，麦基的合同还有一年，如果霍华德留下，湖人在大个子方面的优势仍在，他们是否愿意给出接近让汤普森满意的价钱，若是只给底薪或者部分中产，汤普森能接受吗，毕竟他已经有冠军戒指了。\n\n', 'https://inews.gtimg.com/newsapp_bt/0/12750817382/641\nhttps://inews.gtimg.com/newsapp_bt/0/12750818319/641\nhttps://inews.gtimg.com/newsapp_bt/0/12750819300/641', '1604937600', '篮球', '[{\"type\":\"word\",\"text\":\"近日有报道称特里斯坦-汤普森进入湖人引援心仪名单，跟踪报道骑士的记者克里斯-费多尔透露，汤普森还在与骑士商讨续约，汤普森不希望新合同年薪较上赛季的薪水低太多，而专家指出汤普森目前的身价恐怕只是底薪水平。\\n\\n汤普森上赛季场均为骑士贡献12分10.1篮板，他的合同到期，骑士愿意留下汤普森，但前提是价钱合适。据悉，到目前为止，双方的分歧集中在骑士给出的报价低于汤普森的预期值。汤普森上赛季的工资是1850万美元，他不希望新合同的年薪下降太多，也就是仍维持千万级别，但市场现状与他的期待有很大的距离。\\n\\nThe Athletic的数据专家约翰-霍林格与ESPN的资深记者布莱恩-温德霍斯特都指出，汤普森在自由球员市场的价值可能就是底薪水平，骑士也许会给的更多一些，但恐怕难以达到汤普森要求的价位。汤普森需要做出决定，是继续留在骑士多赚钱，还是少拿钱去一支争冠队伍，他必须要明白，处于冠军争夺者行列的球队，不太可能给他开出大合同的。\\n\\n如果汤普森不与骑士续约，骑士可能会拆分中产特例去签一位中锋填补空缺，哈里-贾尔斯、阿隆-贝恩斯、索恩-梅克和诺伦斯-诺埃尔将进入骑士引援候选名单。\\n\\n之前有知情人士透露，湖人、快船和猛龙都对汤普森感兴趣。汤普森的特点是身体素质出色，拼抢能力很强，但他的射程有限，虽然上赛季努力开发三分球，但场均0.4次三分出手还不足以说明问题。\\n\\n汤普森曾与詹姆斯在骑士合作4个赛季，在2016年拿到总冠军。汤普森与詹姆斯在配合默契方面没有问题，如果他加入湖人，可以省去很多磨合的时间。另外，汤普森与詹姆斯以及湖人另一位球星安东尼-戴维斯都是里奇-保罗的客户，他们之间的私人关系也很好，有利于更衣室的稳定。\\n\\n现在的问题是如果湖人想抢购汤普森，愿意给出怎样的合同，毕竟相对于快船，湖人内线并不缺人，续签戴维斯从目前来看只是时间问题，麦基的合同还有一年，如果霍华德留下，湖人在大个子方面的优势仍在，他们是否愿意给出接近让汤普森满意的价钱，若是只给底薪或者部分中产，汤普森能接受吗，毕竟他已经有冠军戒指了。\\n\\n\"},{\"type\":\"photo\",\"uri\":\"https://inews.gtimg.com/newsapp_bt/0/12750817382/641\"},{\"type\":\"photo\",\"uri\":\"https://inews.gtimg.com/newsapp_bt/0/12750818319/641\"},{\"type\":\"photo\",\"uri\":\"https://inews.gtimg.com/newsapp_bt/0/12750819300/641\"}]');

-- ----------------------------
-- Table structure for users
-- ----------------------------
DROP TABLE IF EXISTS `users`;
CREATE TABLE `users`  (
  `user_name` varchar(255) CHARACTER SET utf8 COLLATE utf8_bin NOT NULL,
  `password` varchar(255) CHARACTER SET utf8 COLLATE utf8_bin DEFAULT NULL,
  `visit_record` text CHARACTER SET utf8 COLLATE utf8_bin,
  `search_record` text CHARACTER SET utf8 COLLATE utf8_bin,
  PRIMARY KEY (`user_name`) USING BTREE
) ENGINE = InnoDB CHARACTER SET = utf8 COLLATE = utf8_bin ROW_FORMAT = Dynamic;

-- ----------------------------
-- Records of users
-- ----------------------------
INSERT INTO `users` VALUES ('1112', '1112', '[1,4]', '[]');
INSERT INTO `users` VALUES ('321', '11', '[1,2,4,32,15,6,3]', '[]');
INSERT INTO `users` VALUES ('888', '888', '[2,8,15,1,7,3,6,5,4,9,21,23,25,33]', '[\"CBA\",\"NBA\",\"哈登\",\"杜峰\",\"东部\",\"詹姆斯\",\"争冠队伍\",\"湖人\",\"espn\",\"ESPN\",\"杜\"]');
INSERT INTO `users` VALUES ('hjq', 'hjq', '[1,2,3]', '[\"CBA\",\"NBA\"]');
INSERT INTO `users` VALUES ('kobe', '24', '[1,2,6,21]', '[]');
INSERT INTO `users` VALUES ('哈登', '13', '[1,7,10,15,4]', '[\"广州日报\",\"羊城晚报\",\"哈登\"]');
INSERT INTO `users` VALUES ('老詹', '23', '[5,6,1]', '[]');

SET FOREIGN_KEY_CHECKS = 1;
